,C1,C2,C3,C4,C5,C6,C7,C8,C9,C10,win,loss,tie
0,0.0,0.0,12.0,1.0,1.0,23.0,3.0,3.0,33.0,24.0,729,193,15
2,0.0,0.0,0.0,10.0,13.0,15.0,18.0,20.0,24.0,0.0,370,558,9
4,0.0,12.0,0.0,0.0,20.0,21.0,23.0,24.0,0.0,0.0,547,378,12
5,1.0,2.0,2.0,4.0,8.0,12.0,14.0,16.0,19.0,22.0,209,713,15
6,0.0,0.0,0.0,5.0,15.0,20.0,20.0,18.0,22.0,0.0,369,546,22
7,1.0,3.0,4.0,7.0,9.0,14.0,17.0,18.0,17.0,10.0,216,709,12
8,0.0,0.0,0.0,0.0,19.0,0.0,0.0,21.0,18.0,42.0,352,539,46
9,0.0,5.0,0.0,0.0,0.0,0.0,0.0,30.0,32.0,33.0,662,261,14
10,0.0,0.0,5.0,6.0,9.0,11.0,15.0,16.0,18.0,20.0,189,741,7
11,1.0,2.0,2.0,1.0,13.0,17.0,22.0,4.0,22.0,16.0,442,467,28
12,0.0,0.0,0.0,0.0,0.0,0.0,25.0,25.0,25.0,25.0,491,437,9
13,0.0,1.0,1.0,1.0,1.0,25.0,5.0,5.0,35.0,26.0,564,343,30
14,0.0,10.0,0.0,0.0,0.0,0.0,0.0,28.0,30.0,32.0,649,279,9
15,8.0,10.0,12.0,14.0,16.0,19.0,21.0,0.0,0.0,0.0,508,423,6
16,0.0,0.0,0.0,0.0,15.0,17.0,17.0,17.0,17.0,17.0,257,675,5
18,6.0,6.0,10.0,13.0,14.0,0.0,25.0,0.0,0.0,26.0,490,424,23
19,1.0,1.0,1.0,5.0,1.0,1.0,20.0,20.0,25.0,25.0,488,445,4
20,0.0,8.0,0.0,0.0,15.0,19.0,27.0,31.0,0.0,0.0,583,335,19
21,0.0,0.0,0.0,11.0,13.0,13.0,14.0,23.0,26.0,0.0,359,562,16
22,0.0,0.0,0.0,0.0,0.0,25.0,25.0,25.0,25.0,0.0,541,392,4
23,3.0,4.0,0.0,10.0,11.0,0.0,34.0,0.0,38.0,0.0,454,445,38
24,0.0,0.0,13.0,1.0,1.0,24.0,1.0,1.0,34.0,25.0,736,195,6
25,9.0,9.0,10.0,11.0,12.0,13.0,15.0,8.0,8.0,5.0,384,546,7
26,0.0,0.0,0.0,0.0,0.0,22.0,26.0,26.0,26.0,0.0,565,367,5
27,2.0,2.0,2.0,2.0,2.0,2.0,2.0,2.0,26.0,58.0,389,540,8
28,4.0,0.0,0.0,0.0,0.0,0.0,0.0,28.0,33.0,35.0,654,242,41
29,0.0,0.0,0.0,15.0,15.0,0.0,0.0,0.0,35.0,35.0,728,201,8
30,1.0,1.0,1.0,1.0,1.0,5.0,9.0,16.0,26.0,39.0,427,479,31
31,3.0,0.0,0.0,0.0,0.0,0.0,0.0,32.0,31.0,34.0,619,263,55
32,2.0,3.0,0.0,7.0,10.0,13.0,14.0,17.0,18.0,16.0,180,747,10
33,1.0,1.0,2.0,2.0,22.0,23.0,25.0,2.0,2.0,20.0,575,353,9
34,1.0,3.0,4.0,6.0,11.0,10.0,13.0,18.0,19.0,15.0,186,738,13
35,1.0,1.0,1.0,13.0,3.0,3.0,3.0,25.0,25.0,25.0,613,313,11
36,3.0,0.0,0.0,0.0,11.0,14.0,17.0,20.0,18.0,17.0,237,693,7
37,1.0,3.0,4.0,7.0,9.0,12.0,13.0,18.0,18.0,15.0,185,737,15
38,2.0,2.0,2.0,2.0,2.0,2.0,22.0,22.0,22.0,22.0,474,451,12
39,0.0,3.0,5.0,7.0,8.0,11.0,15.0,17.0,17.0,17.0,153,772,12
40,2.0,2.0,2.0,2.0,2.0,2.0,20.0,22.0,22.0,24.0,475,451,11
41,15.0,0.0,0.0,0.0,0.0,0.0,0.0,27.0,31.0,27.0,583,348,6
42,2.0,3.0,4.0,5.0,5.0,14.0,14.0,18.0,18.0,17.0,210,716,11
43,4.0,5.0,1.0,0.0,7.0,12.0,26.0,0.0,23.0,22.0,482,448,7
44,1.0,5.0,6.0,9.0,1.0,1.0,1.0,1.0,37.0,38.0,640,287,10
45,6.0,2.0,2.0,2.0,2.0,2.0,6.0,25.0,26.0,27.0,624,290,23
46,7.0,0.0,0.0,0.0,0.0,0.0,0.0,31.0,31.0,31.0,672,249,16
47,0.0,0.0,1.0,1.0,2.0,3.0,6.0,12.0,25.0,50.0,383,516,38
48,3.0,4.0,8.0,8.0,13.0,3.0,3.0,23.0,4.0,31.0,667,257,13
49,0.0,0.0,0.0,10.0,10.0,0.0,15.0,20.0,20.0,25.0,385,542,10
50,0.0,0.0,0.0,0.0,10.0,0.0,0.0,30.0,30.0,30.0,487,425,25
52,1.0,3.0,5.0,7.0,9.0,11.0,13.0,15.0,17.0,19.0,142,770,25
53,0.0,0.0,0.0,0.0,6.0,16.0,18.0,18.0,20.0,22.0,304,619,14
54,0.0,8.0,0.0,14.0,0.0,22.0,0.0,26.0,0.0,30.0,568,347,22
55,0.0,0.0,0.0,9.0,0.0,14.0,18.0,19.0,19.0,21.0,301,633,3
56,1.0,1.0,1.0,1.0,1.0,14.0,15.0,19.0,19.0,28.0,340,584,13
57,4.0,0.0,0.0,0.0,0.0,0.0,0.0,32.0,32.0,32.0,643,244,50
58,1.0,3.0,3.0,4.0,6.0,11.0,17.0,19.0,19.0,17.0,228,694,15
59,0.0,0.0,6.0,8.0,16.0,18.0,20.0,18.0,14.0,0.0,308,612,17
60,0.0,0.0,11.0,2.0,3.0,22.0,4.0,5.0,33.0,20.0,701,225,11
61,1.0,1.0,1.0,1.0,1.0,15.0,20.0,20.0,20.0,20.0,348,580,9
62,3.0,1.0,0.0,0.0,0.0,0.0,0.0,31.0,32.0,33.0,627,262,48
63,0.0,3.0,5.0,11.0,13.0,14.0,15.0,14.0,13.0,12.0,198,719,20
64,3.0,5.0,7.0,10.0,12.0,1.0,26.0,30.0,3.0,3.0,634,286,17
66,0.0,0.0,5.0,0.0,10.0,13.0,15.0,19.0,19.0,19.0,232,692,13
67,2.0,4.0,4.0,6.0,25.0,2.0,22.0,24.0,6.0,5.0,464,462,11
68,0.0,0.0,0.0,5.0,8.0,16.0,14.0,18.0,19.0,20.0,242,688,7
69,4.0,4.0,4.0,10.0,15.0,16.0,21.0,3.0,11.0,12.0,412,507,18
70,10.0,0.0,0.0,16.0,0.0,20.0,0.0,25.0,0.0,29.0,515,409,13
71,10.0,0.0,0.0,0.0,0.0,0.0,0.0,30.0,30.0,30.0,610,299,28
72,0.0,0.0,0.0,0.0,10.0,13.0,14.0,22.0,21.0,20.0,289,636,12
73,1.0,1.0,2.0,2.0,11.0,14.0,16.0,17.0,18.0,18.0,214,707,16
75,1.0,4.0,6.0,0.0,0.0,20.0,0.0,21.0,33.0,15.0,520,403,14
76,2.0,4.0,6.0,6.0,15.0,13.0,6.0,6.0,21.0,21.0,441,485,11
77,0.0,0.0,5.0,8.0,12.0,16.0,17.0,2.0,20.0,20.0,344,580,13
78,3.0,4.0,5.0,8.0,10.0,11.0,12.0,16.0,16.0,15.0,159,767,11
79,1.0,9.0,9.0,1.0,1.0,1.0,29.0,29.0,1.0,19.0,511,411,15
80,2.0,6.0,8.0,6.0,13.0,11.0,6.0,6.0,21.0,21.0,431,496,10
81,0.0,2.0,3.0,7.0,10.0,10.0,16.0,0.0,26.0,26.0,450,469,18
82,0.0,0.0,0.0,0.0,0.0,25.0,25.0,25.0,25.0,0.0,541,392,4
83,0.0,8.0,0.0,15.0,18.0,0.0,27.0,0.0,0.0,32.0,713,201,23
84,1.0,2.0,4.0,7.0,9.0,12.0,13.0,17.0,17.0,18.0,143,782,12
85,0.0,0.0,0.0,15.0,20.0,20.0,20.0,25.0,0.0,0.0,473,458,6
86,10.0,0.0,0.0,0.0,0.0,0.0,0.0,28.0,29.0,33.0,627,290,20
87,2.0,2.0,5.0,5.0,2.0,27.0,1.0,1.0,29.0,26.0,536,374,27
88,0.0,4.0,6.0,8.0,14.0,15.0,16.0,17.0,20.0,0.0,308,610,19
89,4.0,5.0,8.0,15.0,20.0,22.0,16.0,2.0,4.0,4.0,530,388,19
90,0.0,4.0,7.0,10.0,15.0,2.0,2.0,2.0,28.0,30.0,644,282,11
91,0.0,0.0,0.0,0.0,0.0,20.0,23.0,27.0,30.0,0.0,553,379,5
92,0.0,3.0,6.0,10.0,15.0,1.0,2.0,2.0,33.0,28.0,700,225,12
93,0.0,11.0,11.0,11.0,3.0,3.0,0.0,0.0,33.0,28.0,654,271,12
94,0.0,0.0,7.0,0.0,0.0,0.0,21.0,21.0,0.0,51.0,494,432,11
95,1.0,1.0,1.0,1.0,1.0,1.0,20.0,24.0,25.0,25.0,497,429,11
96,2.0,5.0,2.0,5.0,11.0,13.0,13.0,21.0,18.0,10.0,249,675,13
97,2.0,3.0,4.0,5.0,6.0,10.0,15.0,19.0,18.0,18.0,201,723,13
99,3.0,5.0,7.0,10.0,12.0,0.0,17.0,0.0,22.0,24.0,426,508,3
100,1.0,3.0,5.0,7.0,9.0,11.0,13.0,15.0,17.0,19.0,142,770,25
101,0.0,0.0,0.0,0.0,10.0,16.0,17.0,18.0,19.0,20.0,265,660,12
102,0.0,0.0,0.0,14.0,18.0,0.0,0.0,0.0,32.0,36.0,738,186,13
103,0.0,5.0,0.0,8.0,12.0,15.0,20.0,20.0,0.0,20.0,352,578,7
104,0.0,1.0,11.0,3.0,22.0,3.0,24.0,3.0,20.0,13.0,419,487,31
105,2.0,2.0,0.0,0.0,0.0,18.0,19.0,19.0,19.0,21.0,313,610,14
106,0.0,0.0,0.0,15.0,0.0,0.0,25.0,30.0,30.0,0.0,623,292,22
107,0.0,1.0,4.0,11.0,11.0,17.0,18.0,4.0,6.0,28.0,532,386,19
109,1.0,1.0,1.0,1.0,1.0,15.0,20.0,20.0,20.0,20.0,348,580,9
110,2.0,2.0,0.0,0.0,0.0,18.0,18.0,19.0,20.0,21.0,322,606,9
111,7.0,8.0,10.0,12.0,15.0,20.0,25.0,1.0,1.0,1.0,615,309,13
112,2.0,2.0,5.0,14.0,11.0,1.0,23.0,23.0,3.0,16.0,507,410,20
113,1.0,2.0,4.0,8.0,16.0,17.0,32.0,17.0,2.0,1.0,393,508,36
114,0.0,0.0,0.0,0.0,20.0,25.0,25.0,0.0,0.0,30.0,647,265,25
115,3.0,7.0,9.0,12.0,14.0,16.0,18.0,21.0,0.0,0.0,405,518,14
116,0.0,0.0,0.0,25.0,25.0,25.0,25.0,0.0,0.0,0.0,110,811,16
117,7.0,8.0,0.0,0.0,0.0,0.0,25.0,30.0,0.0,30.0,616,306,15
118,4.0,6.0,7.0,8.0,8.0,10.0,12.0,15.0,15.0,15.0,179,737,21
119,6.0,8.0,10.0,12.0,14.0,17.0,4.0,4.0,5.0,20.0,505,423,9
120,4.0,7.0,11.0,14.0,18.0,21.0,25.0,0.0,0.0,0.0,521,371,45
121,2.0,2.0,4.0,0.0,0.0,4.0,15.0,10.0,36.0,27.0,484,439,14
122,1.0,5.0,1.0,9.0,1.0,11.0,20.0,12.0,20.0,20.0,351,574,12
123,1.0,1.0,2.0,4.0,13.0,8.0,26.0,7.0,33.0,5.0,552,380,5
124,7.0,10.0,10.0,15.0,22.0,23.0,2.0,3.0,4.0,4.0,447,478,12
126,2.0,2.0,6.0,8.0,12.0,18.0,3.0,2.0,21.0,26.0,500,423,14
127,0.0,1.0,14.0,1.0,1.0,1.0,25.0,25.0,1.0,31.0,737,194,6
128,3.0,4.0,5.0,8.0,0.0,12.0,13.0,17.0,18.0,20.0,210,717,10
129,4.0,7.0,9.0,10.0,11.0,13.0,16.0,0.0,15.0,15.0,288,631,18
130,0.0,0.0,2.0,3.0,5.0,9.0,13.0,19.0,22.0,27.0,351,557,29
131,0.0,1.0,1.0,16.0,19.0,2.0,2.0,2.0,33.0,24.0,740,193,4
132,2.0,2.0,2.0,14.0,11.0,17.0,25.0,23.0,2.0,2.0,572,354,11
133,2.0,4.0,6.0,7.0,9.0,12.0,14.0,16.0,16.0,14.0,166,762,9
134,2.0,2.0,2.0,13.0,4.0,16.0,10.0,14.0,17.0,20.0,276,651,10
135,0.0,0.0,2.0,5.0,12.0,12.0,15.0,18.0,19.0,17.0,215,711,11
136,0.0,7.0,8.0,11.0,13.0,0.0,18.0,0.0,22.0,21.0,427,505,5
137,0.0,0.0,0.0,0.0,20.0,0.0,23.0,27.0,30.0,0.0,580,349,8
138,0.0,1.0,1.0,2.0,3.0,7.0,14.0,19.0,20.0,33.0,463,459,15
139,1.0,2.0,2.0,5.0,8.0,16.0,16.0,16.0,17.0,17.0,176,747,14
140,7.0,8.0,10.0,12.0,14.0,0.0,0.0,0.0,23.0,26.0,461,465,11
141,0.0,1.0,2.0,4.0,6.0,10.0,12.0,18.0,21.0,26.0,302,618,17
143,1.0,1.0,2.0,3.0,4.0,21.0,27.0,28.0,6.0,7.0,483,444,10
144,6.0,0.0,0.0,0.0,0.0,0.0,0.0,32.0,32.0,30.0,661,255,21
145,3.0,4.0,8.0,8.0,8.0,1.0,1.0,1.0,33.0,33.0,612,315,10
146,0.0,7.0,7.0,0.0,0.0,25.0,0.0,30.0,31.0,0.0,594,331,12
147,0.0,2.0,7.0,12.0,2.0,18.0,21.0,3.0,29.0,6.0,581,342,14
148,2.0,2.0,2.0,2.0,2.0,18.0,18.0,18.0,18.0,18.0,275,653,9
149,2.0,3.0,5.0,7.0,9.0,11.0,13.0,17.0,19.0,14.0,179,745,13
150,0.0,1.0,6.0,8.0,10.0,11.0,13.0,15.0,17.0,19.0,175,750,12
151,4.0,5.0,7.0,9.0,1.0,1.0,17.0,19.0,18.0,19.0,300,612,25
152,1.0,1.0,12.0,1.0,1.0,23.0,3.0,0.0,31.0,27.0,718,216,3
153,0.0,4.0,0.0,0.0,0.0,0.0,24.0,24.0,24.0,24.0,461,451,25
154,0.0,0.0,0.0,0.0,6.0,11.0,17.0,31.0,31.0,4.0,403,526,8
155,0.0,7.0,12.0,15.0,0.0,0.0,0.0,0.0,33.0,33.0,692,238,7
156,2.0,4.0,5.0,7.0,10.0,13.0,13.0,14.0,18.0,14.0,186,739,12
157,0.0,1.0,9.0,2.0,2.0,24.0,1.0,1.0,32.0,28.0,741,183,13
158,8.0,5.0,5.0,22.0,5.0,5.0,5.0,5.0,5.0,35.0,490,441,6
159,1.0,3.0,5.0,7.0,9.0,11.0,13.0,15.0,17.0,19.0,142,770,25
160,10.0,10.0,10.0,10.0,10.0,10.0,10.0,10.0,10.0,10.0,292,624,21
161,3.0,3.0,4.0,8.0,8.0,14.0,15.0,19.0,13.0,13.0,190,728,19
162,1.0,1.0,2.0,2.0,19.0,20.0,4.0,22.0,24.0,5.0,593,333,11
163,0.0,3.0,4.0,1.0,1.0,14.0,18.0,20.0,20.0,19.0,309,626,2
164,4.0,5.0,9.0,7.0,4.0,12.0,17.0,8.0,15.0,19.0,263,650,24
165,0.0,0.0,0.0,16.0,19.0,23.0,23.0,19.0,0.0,0.0,441,477,19
166,0.0,6.0,11.0,13.0,16.0,22.0,1.0,29.0,1.0,1.0,648,276,13
167,3.0,4.0,6.0,7.0,9.0,13.0,16.0,19.0,22.0,1.0,301,622,14
168,0.0,0.0,9.0,0.0,0.0,20.0,0.0,0.0,30.0,41.0,628,296,13
169,0.0,0.0,0.0,0.0,15.0,20.0,0.0,25.0,30.0,10.0,578,352,7
170,5.0,8.0,11.0,14.0,17.0,20.0,23.0,0.0,2.0,0.0,559,353,25
171,2.0,2.0,2.0,11.0,21.0,3.0,3.0,4.0,26.0,26.0,689,240,8
172,7.0,0.0,0.0,1.0,1.0,1.0,1.0,26.0,41.0,22.0,619,309,9
173,0.0,0.0,0.0,0.0,15.0,18.0,21.0,23.0,23.0,0.0,434,497,6
174,1.0,3.0,5.0,7.0,9.0,11.0,13.0,15.0,17.0,19.0,142,770,25
175,0.0,2.0,3.0,5.0,10.0,10.0,15.0,15.0,20.0,20.0,233,691,13
176,0.0,0.0,10.0,0.0,0.0,0.0,0.0,30.0,30.0,30.0,620,307,10
177,0.0,5.0,0.0,15.0,20.0,0.0,0.0,0.0,30.0,30.0,637,288,12
178,0.0,0.0,0.0,0.0,0.0,0.0,20.0,25.0,25.0,30.0,475,455,7
179,0.0,0.0,0.0,0.0,11.0,11.0,0.0,39.0,39.0,0.0,304,626,7
181,4.0,6.0,8.0,14.0,18.0,24.0,26.0,0.0,0.0,0.0,546,352,39
182,3.0,5.0,5.0,0.0,0.0,15.0,18.0,18.0,19.0,17.0,267,664,6
183,10.0,10.0,10.0,10.0,10.0,25.0,25.0,0.0,0.0,0.0,398,517,22
184,0.0,1.0,6.0,12.0,1.0,0.0,28.0,31.0,20.0,1.0,567,351,19
185,1.0,1.0,1.0,1.0,11.0,14.0,15.0,19.0,19.0,18.0,243,683,11
186,3.0,3.0,3.0,3.0,13.0,13.0,3.0,13.0,33.0,13.0,407,519,11
187,10.0,0.0,0.0,0.0,0.0,0.0,0.0,30.0,30.0,30.0,610,299,28
188,1.0,1.0,1.0,15.0,1.0,1.0,25.0,25.0,30.0,0.0,655,274,8
189,0.0,0.0,0.0,18.0,18.0,0.0,0.0,0.0,32.0,32.0,703,221,13
190,1.0,1.0,1.0,1.0,1.0,1.0,20.0,22.0,24.0,28.0,508,427,2
192,1.0,1.0,8.0,11.0,14.0,17.0,1.0,1.0,1.0,45.0,607,328,2
193,1.0,3.0,4.0,6.0,8.0,13.0,14.0,18.0,18.0,15.0,193,729,15
194,1.0,1.0,1.0,1.0,1.0,27.0,27.0,27.0,7.0,7.0,454,478,5
195,0.0,18.0,0.0,0.0,20.0,20.0,21.0,21.0,0.0,0.0,440,478,19
196,0.0,4.0,6.0,8.0,11.0,0.0,15.0,18.0,18.0,20.0,256,671,10
197,1.0,1.0,1.0,12.0,13.0,1.0,18.0,1.0,26.0,26.0,559,370,8
198,10.0,10.0,10.0,15.0,15.0,20.0,20.0,0.0,0.0,0.0,464,451,22
199,0.0,0.0,12.0,1.0,1.0,23.0,2.0,1.0,35.0,25.0,760,173,4
200,1.0,1.0,8.0,13.0,18.0,1.0,23.0,1.0,28.0,6.0,641,289,7
201,2.0,4.0,6.0,8.0,10.0,14.0,16.0,18.0,0.0,22.0,327,597,13
202,8.0,0.0,0.0,0.0,0.0,0.0,0.0,30.0,31.0,31.0,665,264,8
203,2.0,10.0,10.0,10.0,20.0,18.0,0.0,0.0,0.0,30.0,496,430,11
204,2.0,2.0,2.0,2.0,12.0,15.0,20.0,23.0,20.0,2.0,427,498,12
205,5.0,5.0,5.0,5.0,0.0,14.0,16.0,20.0,8.0,22.0,343,578,16
207,2.0,4.0,5.0,7.0,9.0,11.0,13.0,15.0,16.0,18.0,134,788,15
208,2.0,4.0,5.0,7.0,9.0,11.0,13.0,15.0,16.0,18.0,134,788,15
209,2.0,0.0,6.0,0.0,0.0,0.0,14.0,22.0,26.0,30.0,487,437,13
210,0.0,0.0,0.0,0.0,18.0,21.0,0.0,29.0,32.0,0.0,651,274,12
211,0.0,0.0,0.0,0.0,21.0,26.0,27.0,0.0,0.0,26.0,635,301,1
212,0.0,7.0,9.0,1.0,1.0,23.0,25.0,1.0,1.0,32.0,740,189,8
213,1.0,5.0,6.0,6.0,13.0,3.0,16.0,20.0,20.0,10.0,377,546,14
214,1.0,6.0,8.0,2.0,3.0,21.0,4.0,5.0,24.0,26.0,648,276,13
215,1.0,1.0,1.0,14.0,14.0,19.0,19.0,29.0,1.0,1.0,562,365,10
216,2.0,2.0,2.0,15.0,15.0,20.0,20.0,20.0,2.0,2.0,549,378,10
217,1.0,2.0,2.0,2.0,3.0,16.0,17.0,18.0,19.0,20.0,279,643,15
218,0.0,0.0,0.0,0.0,14.0,18.0,1.0,32.0,34.0,1.0,650,285,2
219,0.0,0.0,3.0,10.0,3.0,19.0,6.0,1.0,26.0,32.0,630,280,27
222,1.0,1.0,1.0,1.0,15.0,20.0,1.0,20.0,20.0,20.0,462,469,6
223,1.0,3.0,5.0,7.0,9.0,11.0,13.0,15.0,17.0,19.0,142,770,25
224,2.0,3.0,4.0,7.0,9.0,12.0,12.0,16.0,18.0,17.0,168,758,11
225,0.0,0.0,0.0,16.0,21.0,1.0,1.0,1.0,34.0,26.0,757,177,3
226,3.0,4.0,8.0,12.0,15.0,16.0,18.0,0.0,0.0,24.0,443,482,12
227,2.0,2.0,3.0,3.0,10.0,10.0,15.0,15.0,20.0,20.0,231,693,13
228,8.0,8.0,11.0,13.0,15.0,18.0,21.0,2.0,2.0,2.0,608,323,6
229,6.0,7.0,12.0,15.0,18.0,20.0,22.0,0.0,0.0,0.0,523,390,24
230,5.0,0.0,0.0,0.0,0.0,0.0,0.0,32.0,32.0,31.0,665,246,26
232,0.0,0.0,7.0,10.0,12.0,14.0,17.0,19.0,21.0,0.0,324,599,14
233,2.0,2.0,4.0,5.0,7.0,10.0,16.0,18.0,18.0,18.0,197,729,11
234,1.0,1.0,2.0,2.0,3.0,15.0,19.0,19.0,19.0,19.0,280,646,11
236,0.0,0.0,0.0,0.0,0.0,20.0,20.0,20.0,20.0,20.0,366,560,11
237,2.0,1.0,3.0,7.0,10.0,5.0,15.0,20.0,19.0,18.0,257,666,14
238,2.0,3.0,5.0,7.0,9.0,12.0,14.0,17.0,16.0,15.0,163,766,8
239,1.0,1.0,1.0,6.0,8.0,11.0,15.0,17.0,19.0,21.0,225,703,9
241,3.0,5.0,6.0,9.0,11.0,11.0,13.0,16.0,18.0,8.0,205,715,17
242,7.0,0.0,0.0,0.0,0.0,0.0,0.0,31.0,31.0,31.0,672,249,16
243,3.0,4.0,5.0,8.0,10.0,13.0,15.0,20.0,20.0,2.0,287,628,22
245,1.0,2.0,2.0,5.0,10.0,13.0,14.0,18.0,18.0,17.0,192,730,15
246,0.0,0.0,0.0,0.0,0.0,0.0,20.0,25.0,25.0,30.0,475,455,7
247,2.0,2.0,2.0,7.0,9.0,15.0,17.0,17.0,17.0,12.0,211,717,9
248,7.0,9.0,11.0,13.0,16.0,18.0,20.0,3.0,2.0,1.0,580,343,14
250,0.0,0.0,0.0,0.0,0.0,20.0,20.0,20.0,20.0,20.0,366,560,11
251,6.0,7.0,9.0,10.0,13.0,17.0,1.0,1.0,1.0,35.0,607,326,4
252,2.0,5.0,10.0,10.0,20.0,21.0,21.0,0.0,11.0,0.0,411,452,74
254,0.0,1.0,7.0,8.0,9.0,15.0,6.0,6.0,28.0,20.0,427,496,14
255,0.0,0.0,0.0,0.0,21.0,23.0,25.0,0.0,0.0,31.0,663,256,18
256,0.0,9.0,1.0,1.0,11.0,13.0,26.0,38.0,0.0,1.0,468,458,11
257,0.0,0.0,0.0,9.0,3.0,0.0,25.0,27.0,0.0,36.0,650,275,12
258,0.0,7.0,11.0,14.0,0.0,0.0,0.0,0.0,32.0,36.0,691,237,9
259,0.0,0.0,0.0,0.0,10.0,14.0,18.0,22.0,20.0,16.0,294,634,9
260,2.0,3.0,4.0,10.0,11.0,12.0,15.0,0.0,21.0,22.0,359,561,17
261,0.0,0.0,0.0,20.0,0.0,25.0,0.0,30.0,0.0,25.0,590,343,4
262,0.0,5.0,8.0,0.0,4.0,23.0,26.0,1.0,1.0,32.0,712,192,33
263,0.0,0.0,5.0,7.0,9.0,11.0,13.0,19.0,17.0,19.0,183,744,10
264,1.0,1.0,8.0,10.0,15.0,15.0,1.0,1.0,25.0,23.0,497,432,8
265,5.0,7.0,11.0,13.0,17.0,21.0,26.0,0.0,0.0,0.0,562,347,28
266,0.0,0.0,0.0,10.0,8.0,0.0,10.0,27.0,34.0,11.0,437,488,12
267,3.0,4.0,5.0,7.0,10.0,12.0,15.0,18.0,14.0,12.0,188,735,14
268,0.0,1.0,1.0,1.0,2.0,20.0,20.0,25.0,25.0,5.0,543,384,10
269,0.0,0.0,0.0,0.0,0.0,1.0,21.0,24.0,13.0,41.0,387,535,15
270,2.0,4.0,5.0,7.0,9.0,11.0,13.0,15.0,16.0,18.0,134,788,15
271,0.0,0.0,5.0,5.0,16.0,6.0,22.0,8.0,28.0,10.0,467,456,14
272,1.0,3.0,4.0,6.0,8.0,12.0,14.0,16.0,17.0,19.0,160,763,14
273,4.0,0.0,0.0,0.0,0.0,0.0,0.0,32.0,32.0,32.0,643,244,50
274,2.0,3.0,3.0,7.0,14.0,15.0,17.0,19.0,19.0,1.0,316,607,14
275,5.0,5.0,5.0,7.0,10.0,15.0,20.0,0.0,0.0,33.0,563,365,9
277,0.0,0.0,0.0,0.0,0.0,20.0,20.0,20.0,20.0,20.0,366,560,11
278,0.0,3.0,5.0,7.0,9.0,11.0,16.0,18.0,18.0,13.0,209,717,11
279,12.0,0.0,0.0,0.0,0.0,0.0,0.0,29.0,29.0,30.0,598,335,4
280,1.0,1.0,4.0,7.0,6.0,15.0,20.0,23.0,13.0,10.0,303,621,13
281,2.0,3.0,4.0,7.0,9.0,13.0,16.0,18.0,15.0,13.0,173,738,26
282,5.0,0.0,0.0,0.0,0.0,0.0,0.0,31.0,32.0,32.0,668,238,31
285,0.0,0.0,0.0,17.0,18.0,0.0,0.0,0.0,35.0,30.0,703,227,7
286,1.0,2.0,10.0,13.0,22.0,24.0,1.0,1.0,1.0,25.0,629,302,6
287,10.0,1.0,1.0,1.0,1.0,1.0,1.0,25.0,28.0,31.0,658,256,23
288,23.0,1.0,1.0,1.0,1.0,1.0,1.0,23.0,24.0,24.0,512,422,3
289,1.0,1.0,1.0,1.0,22.0,22.0,22.0,0.0,0.0,30.0,641,284,12
290,3.0,4.0,5.0,1.0,10.0,13.0,14.0,11.0,20.0,19.0,243,679,15
291,1.0,1.0,3.0,5.0,10.0,14.0,17.0,20.0,17.0,12.0,246,677,14
292,0.0,4.0,7.0,9.0,11.0,14.0,17.0,19.0,18.0,1.0,288,632,17
294,0.0,0.0,0.0,13.0,2.0,22.0,1.0,5.0,34.0,23.0,686,226,25
295,10.0,8.0,4.0,10.0,15.0,5.0,15.0,17.0,6.0,10.0,293,618,26
296,0.0,0.0,4.0,14.0,16.0,18.0,22.0,26.0,0.0,0.0,510,408,19
297,0.0,6.0,9.0,11.0,14.0,2.0,27.0,31.0,0.0,0.0,607,315,15
298,0.0,4.0,5.0,6.0,10.0,14.0,19.0,21.0,21.0,0.0,356,563,18
299,1.0,2.0,2.0,5.0,13.0,14.0,14.0,17.0,17.0,15.0,189,732,16
300,6.0,8.0,10.0,13.0,15.0,18.0,0.0,0.0,0.0,30.0,495,435,7
301,2.0,2.0,3.0,5.0,7.0,12.0,14.0,19.0,18.0,18.0,198,726,13
302,2.0,3.0,6.0,8.0,12.0,22.0,6.0,27.0,7.0,7.0,545,370,22
303,1.0,1.0,5.0,4.0,9.0,11.0,15.0,25.0,0.0,29.0,441,483,13
304,2.0,3.0,4.0,10.0,12.0,12.0,13.0,16.0,14.0,14.0,191,736,10
305,1.0,1.0,1.0,10.0,10.0,15.0,15.0,20.0,15.0,12.0,250,671,16
306,1.0,2.0,3.0,1.0,1.0,16.0,1.0,20.0,25.0,30.0,537,389,11
307,0.0,0.0,0.0,17.0,19.0,0.0,5.0,6.0,22.0,31.0,654,271,12
308,0.0,0.0,1.0,12.0,1.0,24.0,2.0,3.0,34.0,23.0,732,195,10
309,2.0,3.0,5.0,7.0,9.0,12.0,15.0,18.0,16.0,13.0,182,746,9
310,0.0,0.0,0.0,15.0,0.0,0.0,24.0,27.0,34.0,0.0,691,236,10
311,1.0,4.0,6.0,8.0,5.0,12.0,16.0,7.0,20.0,21.0,341,579,17
312,0.0,0.0,1.0,1.0,14.0,20.0,5.0,27.0,30.0,2.0,643,292,2
313,10.0,10.0,10.0,12.0,16.0,20.0,22.0,0.0,0.0,0.0,519,395,23
314,0.0,1.0,2.0,15.0,22.0,2.0,2.0,2.0,32.0,22.0,719,210,8
315,0.0,8.0,6.0,1.0,1.0,5.0,24.0,5.0,24.0,26.0,596,314,27
316,6.0,7.0,8.0,9.0,10.0,14.0,15.0,17.0,14.0,0.0,247,678,12
317,0.0,0.0,0.0,0.0,5.0,15.0,15.0,20.0,20.0,25.0,345,583,9
318,0.0,0.0,0.0,13.0,17.0,1.0,1.0,1.0,31.0,36.0,776,155,6
319,0.0,0.0,0.0,4.0,6.0,11.0,13.0,21.0,22.0,23.0,314,610,13
320,3.0,4.0,5.0,8.0,11.0,14.0,15.0,19.0,19.0,2.0,277,641,19
321,0.0,0.0,0.0,13.0,12.0,13.0,14.0,15.0,16.0,17.0,218,714,5
322,2.0,4.0,6.0,7.0,10.0,10.0,11.0,11.0,19.0,20.0,241,681,15
323,2.0,2.0,5.0,9.0,16.0,18.0,20.0,23.0,1.0,4.0,505,426,6
324,0.0,3.0,0.0,13.0,15.0,0.0,3.0,0.0,33.0,33.0,716,209,12
325,3.0,3.0,4.0,5.0,7.0,24.0,24.0,30.0,0.0,0.0,444,483,10
326,0.0,0.0,12.0,0.0,23.0,0.0,29.0,0.0,36.0,0.0,290,595,52
327,15.0,10.0,10.0,15.0,15.0,15.0,20.0,0.0,0.0,0.0,387,543,7
328,2.0,2.0,3.0,3.0,8.0,12.0,25.0,30.0,15.0,0.0,358,569,10
329,5.0,7.0,7.0,12.0,0.0,0.0,0.0,21.0,23.0,25.0,468,462,7
330,0.0,5.0,6.0,8.0,1.0,20.0,40.0,20.0,0.0,0.0,310,586,41
332,4.0,0.0,0.0,0.0,0.0,0.0,0.0,32.0,32.0,32.0,643,244,50
333,0.0,8.0,0.0,12.0,16.0,0.0,25.0,0.0,0.0,39.0,688,240,9
334,0.0,0.0,0.0,0.0,10.0,14.0,16.0,18.0,20.0,22.0,263,668,6
335,2.0,4.0,4.0,5.0,5.0,5.0,10.0,10.0,15.0,40.0,399,528,10
336,0.0,9.0,13.0,14.0,0.0,0.0,0.0,0.0,33.0,31.0,659,273,5
337,6.0,5.0,12.0,12.0,14.0,5.0,11.0,14.0,8.0,13.0,347,578,12
338,5.0,7.0,8.0,11.0,15.0,15.0,19.0,20.0,0.0,0.0,397,518,22
339,0.0,0.0,0.0,14.0,15.0,17.0,17.0,18.0,19.0,0.0,325,602,10
340,6.0,0.0,0.0,0.0,0.0,0.0,0.0,21.0,31.0,42.0,590,322,25
341,1.0,1.0,1.0,6.0,15.0,15.0,20.0,20.0,20.0,1.0,394,533,10
342,4.0,4.0,5.0,6.0,9.0,12.0,20.0,20.0,19.0,1.0,311,606,20
343,3.0,2.0,5.0,3.0,13.0,1.0,27.0,31.0,11.0,4.0,507,423,7
344,5.0,6.0,7.0,0.0,0.0,0.0,19.0,20.0,21.0,22.0,390,527,20
345,3.0,3.0,3.0,3.0,3.0,21.0,21.0,21.0,21.0,1.0,504,419,14
347,4.0,5.0,5.0,0.0,0.0,0.0,25.0,23.0,20.0,18.0,419,503,15
348,4.0,4.0,5.0,8.0,10.0,14.0,15.0,2.0,19.0,19.0,288,631,18
349,1.0,2.0,4.0,7.0,8.0,13.0,15.0,18.0,15.0,17.0,163,764,10
350,6.0,8.0,9.0,11.0,0.0,0.0,0.0,22.0,22.0,22.0,453,481,3
351,4.0,6.0,4.0,11.0,12.0,4.0,9.0,4.0,34.0,12.0,494,428,15
352,0.0,0.0,13.0,1.0,1.0,24.0,1.0,1.0,34.0,25.0,736,195,6
353,1.0,3.0,8.0,8.0,5.0,14.0,14.0,13.0,14.0,20.0,215,707,15
354,0.0,0.0,0.0,0.0,0.0,20.0,20.0,20.0,20.0,20.0,366,560,11
355,1.0,1.0,1.0,1.0,11.0,13.0,15.0,17.0,19.0,21.0,238,692,7
356,2.0,2.0,3.0,6.0,10.0,12.0,14.0,18.0,18.0,15.0,192,732,13
357,0.0,2.0,0.0,2.0,0.0,0.0,0.0,32.0,32.0,32.0,521,382,34
358,3.0,6.0,7.0,8.0,2.0,13.0,15.0,1.0,33.0,12.0,458,462,17
359,0.0,0.0,10.0,14.0,16.0,18.0,20.0,22.0,0.0,0.0,448,478,11
360,3.0,4.0,6.0,10.0,14.0,15.0,15.0,16.0,16.0,1.0,275,651,11
361,2.0,0.0,5.0,11.0,12.0,15.0,16.0,20.0,0.0,19.0,341,587,9
362,0.0,0.0,5.0,7.0,9.0,17.0,0.0,21.0,21.0,20.0,378,548,11
363,0.0,1.0,1.0,7.0,6.0,10.0,11.0,20.0,24.0,20.0,311,604,22
364,16.0,0.0,0.0,0.0,0.0,0.0,0.0,26.0,28.0,30.0,557,375,5
365,4.0,5.0,6.0,9.0,11.0,14.0,15.0,1.0,10.0,25.0,396,519,22
366,4.0,4.0,5.0,10.0,12.0,2.0,23.0,2.0,2.0,36.0,686,237,14
367,7.0,0.0,0.0,0.0,0.0,0.0,0.0,31.0,31.0,31.0,672,249,16
368,11.0,0.0,0.0,0.0,0.0,0.0,0.0,28.0,29.0,32.0,625,306,6
369,2.0,2.0,0.0,7.0,10.0,13.0,14.0,18.0,18.0,16.0,193,733,11
370,5.0,6.0,6.0,7.0,7.0,9.0,15.0,16.0,16.0,13.0,188,717,32
371,2.0,4.0,5.0,7.0,9.0,11.0,13.0,15.0,16.0,18.0,134,788,15
372,1.0,1.0,3.0,6.0,10.0,13.0,15.0,16.0,17.0,18.0,184,743,10
373,0.0,0.0,0.0,2.0,3.0,24.0,11.0,20.0,34.0,6.0,498,428,11
374,4.0,6.0,14.0,11.0,13.0,26.0,26.0,0.0,0.0,0.0,516,383,38
375,1.0,5.0,1.0,8.0,1.0,14.0,1.0,20.0,25.0,24.0,432,499,6
376,0.0,0.0,0.0,10.0,11.0,16.0,21.0,21.0,21.0,0.0,404,526,7
377,4.0,5.0,7.0,9.0,11.0,14.0,16.0,19.0,15.0,0.0,281,637,19
378,1.0,1.0,1.0,6.0,5.0,1.0,10.0,25.0,20.0,30.0,461,440,36
379,3.0,0.0,0.0,0.0,0.0,0.0,0.0,29.0,32.0,36.0,630,261,46
380,0.0,0.0,1.0,12.0,15.0,20.0,25.0,1.0,1.0,25.0,559,357,21
381,7.0,7.0,8.0,11.0,15.0,27.0,0.0,0.0,0.0,25.0,466,466,5
382,0.0,0.0,0.0,0.0,10.0,14.0,16.0,18.0,20.0,22.0,263,668,6
383,0.0,8.0,0.0,0.0,15.0,20.0,26.0,31.0,0.0,0.0,593,315,29
384,1.0,1.0,9.0,13.0,15.0,1.0,18.0,1.0,16.0,25.0,501,428,8
385,5.0,1.0,1.0,1.0,1.0,1.0,1.0,29.0,30.0,30.0,658,248,31
386,0.0,0.0,6.0,9.0,12.0,15.0,16.0,20.0,22.0,0.0,346,577,14
387,1.0,3.0,6.0,10.0,10.0,15.0,16.0,18.0,12.0,9.0,273,647,17
388,15.0,3.0,5.0,7.0,9.0,0.0,0.0,23.0,19.0,19.0,316,606,15
389,1.0,2.0,3.0,4.0,5.0,5.0,20.0,20.0,20.0,20.0,354,571,12
390,3.0,7.0,7.0,8.0,4.0,13.0,16.0,19.0,22.0,1.0,332,591,14
391,1.0,1.0,1.0,1.0,1.0,15.0,20.0,20.0,20.0,20.0,348,580,9
392,0.0,0.0,0.0,0.0,16.0,18.0,0.0,19.0,24.0,23.0,452,482,3
394,0.0,0.0,0.0,14.0,3.0,14.0,15.0,5.0,25.0,24.0,457,471,9
395,2.0,6.0,9.0,4.0,10.0,12.0,14.0,15.0,14.0,14.0,205,719,13
396,3.0,6.0,2.0,11.0,12.0,9.0,15.0,15.0,14.0,13.0,197,727,13
397,3.0,4.0,5.0,8.0,15.0,25.0,40.0,0.0,0.0,0.0,312,608,17
398,1.0,1.0,4.0,3.0,5.0,0.0,10.0,11.0,35.0,30.0,500,422,15
399,3.0,3.0,5.0,7.0,11.0,11.0,15.0,15.0,15.0,15.0,151,772,14
400,6.0,7.0,10.0,14.0,17.0,21.0,25.0,0.0,0.0,0.0,559,354,24
401,0.0,0.0,7.0,0.0,0.0,23.0,0.0,0.0,34.0,36.0,686,248,3
402,1.0,2.0,2.0,3.0,4.0,6.0,9.0,14.0,22.0,37.0,452,471,14
403,1.0,1.0,9.0,11.0,13.0,16.0,21.0,26.0,1.0,1.0,543,386,8
404,4.0,11.0,21.0,4.0,16.0,4.0,21.0,4.0,4.0,11.0,362,551,24
405,1.0,19.0,19.0,1.0,1.0,19.0,19.0,1.0,19.0,1.0,184,698,55
406,2.0,4.0,8.0,2.0,14.0,2.0,22.0,2.0,22.0,22.0,522,407,8
407,4.0,6.0,8.0,12.0,1.0,18.0,1.0,24.0,25.0,1.0,503,412,22
408,1.0,1.0,2.0,3.0,12.0,13.0,1.0,1.0,33.0,33.0,576,343,18
409,2.0,1.0,1.0,1.0,5.0,10.0,20.0,20.0,20.0,20.0,322,597,18
410,1.0,5.0,5.0,8.0,10.0,11.0,13.0,13.0,15.0,19.0,165,746,26
411,10.0,3.0,3.0,14.0,3.0,18.0,3.0,20.0,23.0,3.0,536,370,31
412,1.0,1.0,1.0,1.0,15.0,17.0,19.0,21.0,23.0,1.0,448,482,7
413,0.0,0.0,10.0,0.0,0.0,0.0,0.0,30.0,30.0,30.0,620,307,10
414,1.0,1.0,8.0,15.0,19.0,0.0,25.0,0.0,31.0,0.0,632,293,12
415,0.0,0.0,0.0,0.0,0.0,15.0,15.0,20.0,20.0,30.0,337,585,15
416,7.0,7.0,10.0,12.0,15.0,18.0,20.0,0.0,3.0,8.0,526,394,17
417,5.0,7.0,0.0,8.0,5.0,14.0,13.0,17.0,12.0,19.0,201,726,10
418,4.0,3.0,6.0,2.0,3.0,6.0,3.0,30.0,21.0,22.0,559,348,30
419,0.0,1.0,1.0,12.0,3.0,2.0,22.0,3.0,33.0,23.0,709,219,9
420,1.0,3.0,5.0,7.0,9.0,12.0,15.0,18.0,16.0,14.0,179,747,11
421,6.0,6.0,10.0,12.0,12.0,15.0,3.0,3.0,3.0,30.0,609,318,10
422,5.0,5.0,5.0,5.0,5.0,15.0,15.0,15.0,15.0,15.0,185,726,26
423,0.0,1.0,6.0,7.0,11.0,15.0,20.0,0.0,20.0,20.0,341,576,20
424,0.0,0.0,0.0,9.0,8.0,19.0,19.0,1.0,22.0,22.0,409,522,6
425,1.0,1.0,1.0,1.0,12.0,20.0,20.0,18.0,20.0,6.0,401,528,8
426,6.0,2.0,2.0,0.0,0.0,0.0,0.0,30.0,30.0,30.0,622,294,21
427,1.0,19.0,1.0,1.0,19.0,19.0,1.0,1.0,19.0,19.0,333,576,28
428,0.0,0.0,2.0,9.0,15.0,6.0,5.0,6.0,35.0,22.0,658,264,15
429,10.0,10.0,10.0,10.0,20.0,20.0,20.0,0.0,0.0,0.0,441,472,24
431,0.0,0.0,0.0,0.0,0.0,18.0,19.0,20.0,21.0,22.0,372,559,6
432,1.0,1.0,1.0,19.0,19.0,1.0,1.0,19.0,19.0,19.0,408,519,10
433,5.0,7.0,9.0,15.0,18.0,22.0,24.0,0.0,0.0,0.0,553,357,27
434,0.0,5.0,5.0,15.0,15.0,15.0,15.0,15.0,15.0,0.0,233,675,29
435,5.0,5.0,10.0,16.0,16.0,20.0,25.0,1.0,1.0,1.0,578,347,12
436,0.0,0.0,12.0,1.0,1.0,23.0,3.0,3.0,33.0,24.0,729,193,15
437,5.0,7.0,8.0,13.0,17.0,21.0,26.0,1.0,1.0,1.0,629,287,21
438,0.0,0.0,15.0,0.0,0.0,20.0,0.0,0.0,33.0,32.0,655,275,7
439,4.0,7.0,11.0,14.0,18.0,21.0,25.0,0.0,0.0,0.0,521,371,45
440,4.0,4.0,4.0,4.0,10.0,25.0,25.0,20.0,2.0,2.0,541,378,18
441,2.0,3.0,3.0,7.0,10.0,14.0,16.0,18.0,16.0,11.0,212,712,13
442,2.0,3.0,4.0,8.0,10.0,14.0,16.0,2.0,21.0,20.0,344,580,13
443,0.0,0.0,0.0,0.0,4.0,4.0,19.0,19.0,19.0,35.0,477,443,17
444,3.0,5.0,7.0,10.0,18.0,24.0,30.0,1.0,1.0,1.0,552,353,32
445,2.0,11.0,11.0,11.0,17.0,17.0,3.0,3.0,3.0,22.0,552,378,7
446,0.0,1.0,11.0,2.0,2.0,22.0,3.0,2.0,33.0,24.0,730,196,11
447,0.0,0.0,0.0,0.0,10.0,0.0,0.0,30.0,30.0,30.0,487,425,25
448,1.0,2.0,4.0,8.0,10.0,13.0,14.0,13.0,18.0,17.0,196,724,17
449,6.0,7.0,7.0,9.0,13.0,16.0,19.0,23.0,0.0,0.0,420,499,18
450,5.0,5.0,9.0,14.0,17.0,20.0,30.0,0.0,0.0,0.0,498,419,20
451,3.0,3.0,3.0,2.0,16.0,19.0,17.0,6.0,28.0,3.0,533,384,20
452,1.0,3.0,5.0,7.0,9.0,11.0,13.0,15.0,17.0,19.0,142,770,25
453,0.0,0.0,0.0,0.0,20.0,20.0,0.0,30.0,30.0,0.0,596,320,21
454,10.0,0.0,0.0,0.0,0.0,0.0,0.0,30.0,30.0,30.0,610,299,28
455,0.0,0.0,0.0,0.0,0.0,18.0,19.0,20.0,21.0,22.0,372,559,6
456,1.0,1.0,3.0,3.0,1.0,15.0,6.0,22.0,28.0,20.0,461,470,6
457,2.0,2.0,2.0,1.0,17.0,19.0,21.0,6.0,6.0,24.0,589,335,13
458,1.0,6.0,1.0,14.0,1.0,20.0,1.0,25.0,1.0,30.0,674,247,16
459,0.0,0.0,1.0,9.0,11.0,14.0,15.0,18.0,11.0,21.0,255,667,15
460,3.0,7.0,0.0,1.0,12.0,0.0,21.0,15.0,21.0,20.0,402,524,11
461,10.0,0.0,0.0,0.0,0.0,0.0,0.0,30.0,30.0,30.0,610,299,28
462,6.0,6.0,3.0,3.0,2.0,15.0,14.0,17.0,17.0,17.0,248,674,15
463,0.0,4.0,0.0,13.0,0.0,25.0,0.0,37.0,0.0,21.0,474,396,67
464,0.0,0.0,0.0,0.0,17.0,21.0,29.0,0.0,0.0,33.0,696,231,10
466,2.0,3.0,6.0,1.0,1.0,1.0,15.0,20.0,23.0,28.0,478,446,13
467,2.0,2.0,13.0,1.0,16.0,1.0,26.0,3.0,4.0,32.0,603,329,5
468,0.0,0.0,5.0,18.0,18.0,19.0,20.0,20.0,0.0,0.0,410,519,8
469,0.0,0.0,0.0,20.0,20.0,20.0,20.0,20.0,0.0,0.0,399,531,7
470,5.0,6.0,6.0,7.0,8.0,9.0,9.0,8.0,3.0,39.0,445,480,12
472,1.0,5.0,7.0,2.0,12.0,14.0,17.0,2.0,20.0,20.0,357,567,13
473,0.0,0.0,0.0,0.0,0.0,0.0,25.0,25.0,25.0,25.0,491,437,9
474,3.0,5.0,5.0,0.0,10.0,10.0,15.0,18.0,17.0,17.0,204,728,5
475,4.0,4.0,5.0,8.0,10.0,12.0,16.0,18.0,20.0,3.0,278,640,19
476,4.0,4.0,6.0,6.0,6.0,7.0,19.0,19.0,19.0,10.0,277,625,35
477,5.0,5.0,5.0,5.0,15.0,20.0,0.0,0.0,25.0,20.0,458,475,4
478,1.0,1.0,1.0,12.0,14.0,2.0,2.0,2.0,30.0,35.0,729,206,2
479,3.0,3.0,3.0,0.0,13.0,14.0,16.0,18.0,18.0,12.0,256,673,8
480,1.0,7.0,1.0,11.0,17.0,20.0,1.0,1.0,40.0,1.0,461,472,4
481,4.0,5.0,8.0,10.0,15.0,2.0,23.0,2.0,27.0,4.0,602,317,18
482,13.0,0.0,0.0,0.0,0.0,0.0,0.0,29.0,29.0,29.0,589,345,3
483,0.0,0.0,0.0,0.0,15.0,26.0,31.0,0.0,0.0,28.0,605,328,4
484,1.0,1.0,1.0,15.0,17.0,1.0,1.0,1.0,30.0,32.0,774,161,2
485,1.0,1.0,1.0,1.0,17.0,18.0,19.0,20.0,21.0,1.0,447,480,10
486,1.0,1.0,7.0,9.0,1.0,1.0,20.0,20.0,20.0,20.0,398,527,12
487,0.0,0.0,1.0,16.0,1.0,24.0,1.0,28.0,1.0,28.0,734,197,6
488,3.0,4.0,5.0,6.0,7.0,8.0,9.0,19.0,19.0,20.0,256,664,17
489,0.0,0.0,0.0,14.0,0.0,26.0,0.0,38.0,0.0,22.0,506,427,4
490,1.0,9.0,10.0,1.0,16.0,1.0,2.0,28.0,2.0,30.0,746,180,11
491,2.0,2.0,2.0,2.0,15.0,20.0,30.0,1.0,1.0,25.0,628,302,7
492,2.0,2.0,2.0,6.0,8.0,10.0,16.0,17.0,18.0,19.0,190,736,11
493,1.0,1.0,1.0,1.0,1.0,1.0,1.0,31.0,31.0,31.0,496,382,59
494,0.0,0.0,0.0,0.0,18.0,20.0,28.0,0.0,0.0,34.0,698,228,11
495,4.0,4.0,7.0,9.0,11.0,14.0,17.0,20.0,14.0,0.0,297,622,18
497,6.0,8.0,10.0,12.0,14.0,16.0,18.0,7.0,7.0,2.0,530,394,13
498,1.0,3.0,4.0,7.0,9.0,11.0,13.0,15.0,16.0,21.0,151,773,13
499,0.0,0.0,0.0,5.0,7.0,18.0,18.0,18.0,20.0,14.0,288,639,10
500,2.0,3.0,6.0,11.0,22.0,22.0,23.0,3.0,3.0,5.0,512,395,30
501,1.0,5.0,0.0,3.0,16.0,16.0,16.0,19.0,22.0,2.0,411,520,6
502,0.0,9.0,9.0,0.0,19.0,0.0,3.0,29.0,0.0,31.0,707,211,19
503,7.0,11.0,12.0,15.0,16.0,18.0,21.0,0.0,0.0,0.0,490,432,15
504,7.0,0.0,0.0,0.0,0.0,0.0,0.0,31.0,31.0,31.0,672,249,16
505,5.0,0.0,0.0,0.0,0.0,0.0,0.0,27.0,34.0,34.0,703,202,32
506,3.0,3.0,5.0,7.0,9.0,12.0,15.0,18.0,15.0,13.0,181,741,15
507,0.0,0.0,0.0,0.0,0.0,15.0,19.0,24.0,23.0,19.0,363,570,4
509,8.0,10.0,10.0,10.0,12.0,25.0,0.0,0.0,0.0,25.0,394,537,6
510,4.0,0.0,6.0,0.0,16.0,0.0,0.0,0.0,36.0,38.0,594,324,19
511,0.0,0.0,20.0,0.0,0.0,0.0,25.0,25.0,0.0,30.0,587,332,18
512,4.0,5.0,6.0,12.0,16.0,18.0,19.0,20.0,0.0,0.0,410,505,22
513,10.0,2.0,2.0,2.0,2.0,2.0,5.0,25.0,25.0,25.0,622,290,25
514,1.0,3.0,3.0,3.0,8.0,8.0,14.0,9.0,25.0,26.0,355,555,27
515,6.0,0.0,0.0,0.0,0.0,0.0,0.0,28.0,33.0,33.0,689,221,27
516,0.0,0.0,0.0,25.0,0.0,0.0,25.0,25.0,25.0,0.0,510,414,13
517,1.0,1.0,1.0,6.0,14.0,14.0,14.0,18.0,18.0,13.0,227,698,12
518,0.0,0.0,0.0,0.0,25.0,25.0,0.0,25.0,25.0,0.0,547,383,7
519,1.0,6.0,3.0,11.0,3.0,15.0,21.0,3.0,34.0,3.0,668,259,10
520,0.0,5.0,7.0,9.0,11.0,14.0,17.0,0.0,18.0,19.0,277,633,27
521,0.0,0.0,0.0,25.0,0.0,0.0,25.0,25.0,25.0,0.0,510,414,13
522,0.0,8.0,0.0,0.0,0.0,0.0,28.0,0.0,32.0,32.0,702,223,12
523,1.0,3.0,5.0,7.0,9.0,11.0,13.0,15.0,17.0,19.0,142,770,25
524,10.0,10.0,10.0,10.0,10.0,10.0,0.0,0.0,20.0,20.0,280,645,12
525,0.0,0.0,12.0,1.0,2.0,23.0,3.0,3.0,33.0,23.0,732,192,13
526,0.0,0.0,0.0,0.0,0.0,0.0,25.0,25.0,25.0,25.0,491,437,9
527,0.0,0.0,0.0,5.0,20.0,25.0,25.0,25.0,0.0,0.0,385,522,30
528,0.0,0.0,1.0,13.0,1.0,2.0,27.0,26.0,23.0,7.0,637,289,11
529,5.0,6.0,13.0,1.0,15.0,1.0,18.0,3.0,3.0,35.0,675,254,8
530,0.0,0.0,2.0,4.0,10.0,15.0,20.0,22.0,23.0,4.0,429,498,10
531,0.0,0.0,0.0,0.0,0.0,17.0,18.0,22.0,22.0,21.0,375,558,4
532,1.0,1.0,3.0,4.0,5.0,12.0,15.0,24.0,24.0,11.0,322,593,22
534,1.0,1.0,1.0,1.0,11.0,14.0,15.0,19.0,19.0,18.0,243,683,11
535,0.0,2.0,3.0,10.0,5.0,13.0,17.0,12.0,20.0,18.0,272,657,8
536,0.0,0.0,10.0,0.0,0.0,0.0,20.0,30.0,0.0,40.0,628,297,12
537,0.0,0.0,0.0,10.0,0.0,0.0,20.0,30.0,40.0,0.0,568,359,10
538,0.0,5.0,5.0,5.0,11.0,14.0,16.0,18.0,14.0,12.0,220,698,19
539,3.0,5.0,5.0,10.0,7.0,10.0,15.0,15.0,29.0,1.0,284,638,15
540,1.0,9.0,1.0,1.0,16.0,20.0,21.0,29.0,1.0,1.0,641,293,3
541,0.0,0.0,10.0,12.0,12.0,0.0,18.0,18.0,0.0,30.0,462,467,8
542,2.0,4.0,2.0,11.0,4.0,16.0,4.0,23.0,8.0,26.0,584,344,9
543,0.0,0.0,0.0,0.0,0.0,13.0,18.0,20.0,24.0,25.0,364,566,7
544,1.0,7.0,8.0,11.0,15.0,19.0,1.0,1.0,1.0,36.0,684,243,10
545,1.0,1.0,4.0,1.0,1.0,2.0,25.0,28.0,2.0,35.0,627,299,11
546,6.0,9.0,0.0,20.0,0.0,30.0,0.0,30.0,1.0,4.0,252,665,20
547,1.0,1.0,13.0,2.0,2.0,24.0,4.0,4.0,34.0,15.0,615,316,6
548,0.0,0.0,1.0,1.0,15.0,17.0,20.0,21.0,23.0,2.0,457,472,8
549,2.0,3.0,11.0,21.0,3.0,12.0,21.0,23.0,2.0,2.0,461,460,16
550,3.0,5.0,8.0,10.0,13.0,1.0,26.0,30.0,2.0,2.0,645,278,14
551,0.0,0.0,0.0,17.0,17.0,0.0,0.0,0.0,33.0,33.0,722,210,5
552,0.0,0.0,0.0,4.0,14.0,12.0,16.0,17.0,18.0,19.0,223,706,8
554,5.0,5.0,8.0,10.0,3.0,3.0,21.0,22.0,21.0,2.0,503,413,21
555,0.0,9.0,0.0,0.0,16.0,21.0,26.0,26.0,1.0,1.0,641,288,8
556,10.0,0.0,0.0,0.0,0.0,0.0,0.0,30.0,30.0,30.0,610,299,28
557,2.0,3.0,4.0,5.0,6.0,8.0,20.0,21.0,20.0,11.0,326,591,20
558,1.0,1.0,1.0,1.0,21.0,21.0,21.0,1.0,1.0,31.0,695,235,7
559,0.0,0.0,0.0,15.0,17.0,20.0,23.0,25.0,0.0,0.0,530,401,6
560,1.0,1.0,2.0,3.0,8.0,12.0,16.0,19.0,20.0,18.0,245,681,11
561,1.0,5.0,7.0,1.0,7.0,14.0,21.0,15.0,19.0,10.0,267,640,30
562,1.0,1.0,6.0,10.0,10.0,13.0,18.0,18.0,18.0,5.0,269,657,11
563,2.0,3.0,4.0,7.0,9.0,12.0,13.0,17.0,17.0,16.0,163,760,14
565,0.0,8.0,1.0,1.0,1.0,1.0,1.0,29.0,29.0,29.0,647,280,10
566,0.0,0.0,6.0,8.0,10.0,12.0,16.0,17.0,16.0,15.0,187,738,12
567,5.0,6.0,7.0,12.0,13.0,16.0,19.0,22.0,0.0,0.0,418,497,22
568,1.0,1.0,1.0,1.0,19.0,20.0,20.0,20.0,7.0,10.0,394,527,16
569,5.0,5.0,6.0,9.0,5.0,5.0,6.0,9.0,25.0,25.0,531,366,40
571,0.0,0.0,0.0,12.0,19.0,2.0,3.0,3.0,35.0,26.0,779,154,4
573,2.0,5.0,10.0,12.0,15.0,23.0,30.0,1.0,1.0,1.0,483,377,77
574,1.0,2.0,1.0,16.0,16.0,1.0,28.0,1.0,28.0,6.0,477,443,17
575,5.0,2.0,0.0,0.0,0.0,0.0,0.0,30.0,31.0,32.0,654,257,26
576,1.0,11.0,11.0,11.0,11.0,11.0,11.0,11.0,11.0,11.0,293,628,16
577,3.0,4.0,0.0,8.0,0.0,20.0,0.0,30.0,0.0,35.0,567,348,22
578,0.0,0.0,3.0,8.0,12.0,16.0,25.0,20.0,12.0,4.0,431,482,24
579,3.0,3.0,4.0,10.0,10.0,10.0,10.0,10.0,20.0,20.0,289,630,18
580,1.0,1.0,1.0,19.0,0.0,19.0,0.0,29.0,0.0,30.0,593,329,15
581,0.0,0.0,12.0,12.0,17.0,22.0,2.0,2.0,2.0,31.0,730,200,7
582,1.0,1.0,9.0,16.0,20.0,20.0,1.0,1.0,1.0,30.0,685,247,5
583,6.0,6.0,6.0,11.0,11.0,16.0,21.0,19.0,2.0,2.0,490,436,11
584,6.0,6.0,0.0,0.0,0.0,28.0,0.0,0.0,30.0,30.0,571,351,15
586,2.0,2.0,5.0,2.0,7.0,12.0,15.0,27.0,2.0,26.0,481,445,11
588,2.0,5.0,6.0,10.0,13.0,20.0,20.0,20.0,2.0,2.0,502,427,8
589,0.0,0.0,3.0,6.0,15.0,17.0,0.0,20.0,20.0,19.0,372,552,13
590,0.0,0.0,0.0,0.0,18.0,24.0,26.0,0.0,0.0,32.0,720,202,15
591,1.0,1.0,1.0,8.0,9.0,14.0,17.0,22.0,20.0,7.0,339,578,20
592,1.0,1.0,2.0,3.0,6.0,18.0,19.0,20.0,20.0,10.0,362,563,12
593,0.0,1.0,2.0,2.0,6.0,3.0,26.0,26.0,17.0,17.0,422,501,14
594,11.0,0.0,0.0,0.0,0.0,0.0,0.0,27.0,31.0,31.0,648,280,9
595,0.0,0.0,0.0,0.0,13.0,15.0,17.0,18.0,19.0,18.0,258,666,13
596,0.0,0.0,5.0,0.0,10.0,14.0,17.0,20.0,19.0,15.0,268,658,11
597,5.0,6.0,13.0,9.0,13.0,21.0,17.0,4.0,6.0,6.0,548,374,15
598,5.0,5.0,0.0,0.0,0.0,0.0,0.0,30.0,30.0,30.0,591,325,21
599,6.0,0.0,0.0,0.0,0.0,0.0,0.0,31.0,31.0,32.0,675,236,26
600,1.0,1.0,1.0,6.0,15.0,15.0,20.0,20.0,20.0,1.0,394,533,10
602,1.0,2.0,5.0,7.0,9.0,13.0,15.0,18.0,16.0,14.0,170,744,23
603,0.0,0.0,0.0,14.0,0.0,18.0,0.0,20.0,23.0,25.0,464,466,7
604,1.0,2.0,3.0,5.0,7.0,12.0,15.0,17.0,18.0,20.0,187,738,12
605,0.0,0.0,1.0,12.0,1.0,24.0,1.0,30.0,1.0,30.0,752,181,4
606,1.0,2.0,3.0,5.0,7.0,12.0,15.0,17.0,18.0,20.0,187,738,12
607,2.0,2.0,3.0,6.0,8.0,13.0,16.0,19.0,17.0,14.0,192,731,14
608,0.0,5.0,4.0,5.0,12.0,15.0,18.0,0.0,22.0,19.0,344,583,10
609,1.0,1.0,3.0,5.0,9.0,13.0,14.0,18.0,19.0,17.0,200,727,10
610,2.0,1.0,5.0,4.0,5.0,14.0,20.0,18.0,16.0,15.0,197,720,20
611,3.0,5.0,8.0,10.0,13.0,1.0,26.0,29.0,2.0,3.0,623,301,13
612,6.0,7.0,8.0,11.0,14.0,15.0,17.0,20.0,1.0,1.0,434,489,14
613,3.0,5.0,8.0,10.0,12.0,0.0,20.0,0.0,21.0,21.0,409,520,8
614,9.0,5.0,2.0,7.0,0.0,20.0,6.0,20.0,18.0,13.0,302,623,12
615,5.0,0.0,0.0,0.0,0.0,0.0,0.0,31.0,32.0,32.0,668,238,31
616,2.0,2.0,2.0,2.0,2.0,15.0,15.0,20.0,20.0,20.0,320,606,11
617,0.0,0.0,0.0,0.0,30.0,30.0,40.0,0.0,0.0,0.0,82,844,11
618,2.0,3.0,5.0,7.0,9.0,10.0,13.0,15.0,16.0,20.0,138,783,16
619,0.0,2.0,4.0,6.0,8.0,11.0,19.0,17.0,17.0,16.0,155,768,14
620,3.0,3.0,4.0,6.0,12.0,8.0,13.0,18.0,17.0,16.0,175,744,18
622,0.0,0.0,10.0,13.0,21.0,24.0,3.0,1.0,2.0,26.0,675,251,11
623,0.0,0.0,0.0,14.0,18.0,0.0,0.0,0.0,34.0,34.0,750,175,12
624,3.0,4.0,7.0,9.0,13.0,16.0,3.0,5.0,20.0,20.0,414,514,9
626,1.0,2.0,2.0,2.0,2.0,3.0,7.0,13.0,25.0,43.0,478,451,8
627,1.0,1.0,0.0,1.0,1.0,3.0,24.0,6.0,36.0,27.0,541,362,34
628,0.0,0.0,0.0,0.0,0.0,0.0,0.0,32.0,34.0,34.0,356,510,71
629,1.0,3.0,4.0,6.0,4.0,20.0,0.0,34.0,0.0,28.0,553,365,19
630,1.0,1.0,0.0,9.0,1.0,0.0,28.0,26.0,0.0,34.0,668,258,11
631,10.0,10.0,10.0,10.0,10.0,10.0,10.0,10.0,10.0,10.0,292,624,21
632,0.0,4.0,7.0,11.0,12.0,21.0,1.0,4.0,34.0,6.0,713,213,11
633,0.0,0.0,0.0,15.0,0.0,0.0,25.0,30.0,30.0,0.0,623,292,22
634,2.0,2.0,3.0,6.0,9.0,12.0,15.0,16.0,17.0,18.0,169,758,10
635,4.0,1.0,1.0,1.0,1.0,1.0,1.0,30.0,30.0,30.0,636,256,45
636,3.0,2.0,5.0,6.0,8.0,8.0,13.0,17.0,16.0,22.0,174,751,12
637,11.0,11.0,12.0,13.0,14.0,17.0,22.0,0.0,0.0,0.0,462,470,5
638,0.0,1.0,2.0,4.0,10.0,12.0,14.0,17.0,19.0,21.0,210,715,12
639,0.0,5.0,0.0,11.0,13.0,19.0,22.0,22.0,4.0,4.0,515,410,12
640,2.0,4.0,4.0,5.0,9.0,11.0,12.0,18.0,17.0,18.0,163,767,7
642,1.0,2.0,3.0,5.0,8.0,9.0,16.0,17.0,19.0,20.0,221,703,13
643,8.0,0.0,0.0,0.0,0.0,0.0,0.0,28.0,30.0,34.0,658,267,12
644,0.0,0.0,4.0,0.0,10.0,15.0,15.0,18.0,18.0,20.0,226,703,8
645,0.0,0.0,10.0,0.0,16.0,20.0,0.0,24.0,30.0,0.0,512,419,6
646,10.0,0.0,0.0,0.0,0.0,0.0,0.0,27.0,30.0,33.0,645,270,22
647,1.0,3.0,3.0,3.0,0.0,20.0,25.0,10.0,25.0,10.0,432,485,20
648,1.0,1.0,1.0,1.0,1.0,1.0,1.0,12.0,41.0,40.0,426,494,17
649,0.0,3.0,2.0,5.0,3.0,7.0,4.0,16.0,35.0,25.0,492,433,12
650,2.0,2.0,2.0,2.0,2.0,10.0,27.0,26.0,25.0,2.0,451,473,13
651,2.0,3.0,2.0,8.0,10.0,13.0,15.0,17.0,17.0,13.0,191,736,10
652,0.0,0.0,0.0,0.0,0.0,5.0,20.0,25.0,25.0,25.0,456,477,4
653,6.0,7.0,10.0,10.0,17.0,17.0,21.0,4.0,4.0,4.0,596,326,15
654,2.0,4.0,6.0,5.0,7.0,8.0,14.0,16.0,18.0,20.0,191,736,10
655,1.0,3.0,5.0,7.0,9.0,11.0,13.0,15.0,17.0,19.0,142,770,25
656,3.0,4.0,6.0,8.0,9.0,18.0,21.0,10.0,10.0,11.0,335,587,15
657,5.0,6.0,7.0,13.0,15.0,23.0,0.0,31.0,0.0,0.0,554,341,42
658,0.0,5.0,7.0,10.0,13.0,17.0,18.0,3.0,22.0,5.0,425,496,16
659,0.0,0.0,0.0,0.0,4.0,0.0,6.0,30.0,30.0,30.0,428,465,44
660,0.0,0.0,0.0,0.0,0.0,31.0,31.0,0.0,0.0,38.0,278,629,30
661,3.0,1.0,9.0,2.0,3.0,18.0,4.0,24.0,5.0,31.0,652,252,33
662,4.0,5.0,6.0,10.0,15.0,18.0,0.0,0.0,24.0,18.0,425,505,7
664,30.0,25.0,20.0,15.0,5.0,1.0,1.0,1.0,1.0,1.0,195,742,0
665,1.0,3.0,5.0,7.0,9.0,11.0,13.0,15.0,17.0,19.0,142,770,25
666,2.0,3.0,8.0,12.0,12.0,23.0,6.0,4.0,7.0,23.0,612,318,7
667,0.0,0.0,10.0,0.0,0.0,20.0,0.0,0.0,35.0,35.0,682,243,12
668,0.0,0.0,0.0,10.0,10.0,15.0,15.0,0.0,25.0,25.0,397,510,30
670,5.0,8.0,0.0,0.0,0.0,0.0,0.0,28.0,29.0,30.0,578,354,5
671,0.0,0.0,0.0,0.0,0.0,20.0,23.0,27.0,30.0,0.0,553,379,5
672,1.0,2.0,2.0,3.0,4.0,8.0,15.0,18.0,23.0,24.0,347,577,13
673,0.0,0.0,0.0,0.0,0.0,0.0,24.0,24.0,26.0,26.0,499,431,7
674,0.0,0.0,0.0,19.0,0.0,0.0,26.0,27.0,28.0,0.0,607,326,4
675,1.0,3.0,5.0,7.0,1.0,1.0,1.0,1.0,40.0,40.0,520,405,12
676,5.0,7.0,8.0,10.0,15.0,15.0,20.0,0.0,0.0,20.0,417,498,22
677,0.0,0.0,0.0,0.0,0.0,0.0,25.0,25.0,25.0,25.0,491,437,9
678,2.0,4.0,5.0,7.0,9.0,11.0,13.0,15.0,16.0,18.0,134,788,15
680,0.0,0.0,0.0,0.0,0.0,0.0,24.0,25.0,25.0,26.0,495,438,4
681,1.0,1.0,1.0,17.0,18.0,19.0,20.0,21.0,1.0,1.0,535,399,3
682,2.0,2.0,2.0,0.0,8.0,15.0,14.0,19.0,19.0,19.0,240,691,6
683,5.0,3.0,2.0,1.0,1.0,1.0,1.0,28.0,28.0,30.0,640,266,31
684,0.0,0.0,3.0,6.0,8.0,13.0,17.0,21.0,21.0,11.0,337,589,11
685,0.0,0.0,0.0,10.0,0.0,16.0,17.0,20.0,19.0,18.0,294,639,4
686,0.0,5.0,0.0,9.0,0.0,20.0,0.0,31.0,0.0,35.0,600,313,24
687,1.0,1.0,14.0,1.0,1.0,20.0,1.0,1.0,30.0,30.0,692,240,5
688,6.0,6.0,7.0,8.0,10.0,25.0,35.0,1.0,1.0,1.0,466,452,19
689,0.0,0.0,0.0,20.0,20.0,0.0,0.0,0.0,30.0,30.0,628,289,20
690,1.0,1.0,13.0,16.0,2.0,21.0,21.0,21.0,2.0,2.0,612,315,10
691,0.0,5.0,7.0,12.0,12.0,22.0,3.0,26.0,6.0,7.0,618,308,11
692,0.0,0.0,0.0,0.0,0.0,12.0,20.0,20.0,24.0,24.0,375,556,6
693,8.0,8.0,11.0,13.0,16.0,21.0,23.0,0.0,0.0,0.0,567,361,9
694,14.0,0.0,0.0,0.0,0.0,0.0,0.0,28.0,28.0,30.0,580,353,4
695,0.0,0.0,0.0,0.0,0.0,19.0,19.0,19.0,20.0,23.0,338,592,7
697,10.0,0.0,0.0,0.0,0.0,0.0,0.0,30.0,30.0,30.0,610,299,28
699,0.0,0.0,12.0,0.0,0.0,22.0,0.0,0.0,34.0,32.0,711,223,3
700,0.0,0.0,12.0,1.0,2.0,23.0,3.0,3.0,33.0,23.0,732,192,13
701,3.0,0.0,6.0,8.0,15.0,22.0,4.0,3.0,31.0,8.0,645,267,25
702,10.0,0.0,0.0,0.0,0.0,0.0,0.0,30.0,30.0,30.0,610,299,28
703,0.0,1.0,3.0,11.0,2.0,22.0,2.0,29.0,2.0,28.0,706,225,6
704,0.0,1.0,3.0,11.0,2.0,2.0,29.0,28.0,2.0,22.0,636,290,11
705,6.0,6.0,1.0,1.0,1.0,1.0,21.0,21.0,21.0,21.0,470,453,14
706,1.0,2.0,12.0,8.0,9.0,13.0,14.0,9.0,18.0,14.0,295,620,22
707,1.0,6.0,6.0,6.0,11.0,21.0,16.0,1.0,1.0,31.0,603,317,17
708,4.0,1.0,1.0,1.0,1.0,1.0,1.0,20.0,30.0,40.0,593,308,36
709,1.0,1.0,1.0,2.0,5.0,5.0,10.0,10.0,30.0,35.0,490,440,7
710,1.0,2.0,4.0,5.0,10.0,13.0,14.0,16.0,17.0,18.0,174,753,10
711,5.0,14.0,13.0,12.0,11.0,10.0,14.0,8.0,7.0,6.0,317,602,18
712,0.0,1.0,2.0,19.0,5.0,22.0,5.0,5.0,7.0,34.0,571,360,6
713,0.0,1.0,11.0,2.0,2.0,23.0,3.0,3.0,33.0,22.0,741,185,11
714,0.0,5.0,0.0,1.0,1.0,0.0,0.0,31.0,31.0,31.0,661,265,11
715,2.0,3.0,6.0,9.0,11.0,14.0,15.0,0.0,20.0,20.0,318,605,14
716,7.0,0.0,0.0,0.0,0.0,0.0,0.0,28.0,31.0,34.0,687,238,12
717,2.0,3.0,5.0,7.0,7.0,14.0,18.0,18.0,2.0,24.0,374,553,10
718,0.0,0.0,0.0,0.0,23.0,24.0,1.0,25.0,26.0,1.0,627,306,4
719,0.0,0.0,0.0,0.0,25.0,25.0,25.0,0.0,0.0,25.0,557,371,9
720,0.0,0.0,0.0,0.0,13.0,17.0,21.0,23.0,26.0,0.0,446,489,2
721,2.0,0.0,4.0,6.0,7.0,9.0,15.0,17.0,19.0,21.0,219,701,17
722,0.0,0.0,0.0,9.0,19.0,0.0,0.0,20.0,22.0,30.0,496,416,25
723,6.0,0.0,0.0,0.0,0.0,0.0,0.0,26.0,32.0,36.0,686,225,26
724,3.0,5.0,4.0,6.0,6.0,1.0,30.0,33.0,6.0,6.0,477,447,13
725,0.0,0.0,0.0,0.0,0.0,15.0,17.0,20.0,23.0,25.0,366,566,5
726,0.0,0.0,12.0,13.0,15.0,25.0,0.0,0.0,0.0,35.0,689,230,18
727,1.0,1.0,7.0,1.0,13.0,18.0,21.0,36.0,1.0,1.0,585,336,16
728,0.0,7.0,9.0,17.0,3.0,3.0,4.0,3.0,22.0,32.0,731,199,7
729,0.0,1.0,12.0,2.0,2.0,23.0,3.0,2.0,33.0,22.0,732,195,10
731,4.0,8.0,12.0,16.0,20.0,0.0,0.0,0.0,20.0,20.0,403,527,7
732,22.0,0.0,0.0,0.0,0.0,0.0,0.0,24.0,26.0,28.0,503,428,6
734,1.0,3.0,5.0,7.0,8.0,10.0,12.0,14.0,20.0,20.0,201,723,13
735,0.0,0.0,0.0,0.0,0.0,0.0,25.0,25.0,25.0,25.0,491,437,9
736,0.0,0.0,0.0,0.0,20.0,20.0,20.0,20.0,0.0,20.0,386,525,26
737,5.0,10.0,12.0,15.0,16.0,20.0,22.0,0.0,0.0,0.0,494,410,33
738,5.0,10.0,10.0,0.0,0.0,0.0,0.0,25.0,25.0,25.0,488,444,5
740,2.0,2.0,2.0,2.0,2.0,2.0,17.0,23.0,23.0,25.0,472,452,13
741,0.0,0.0,0.0,14.0,17.0,20.0,23.0,26.0,0.0,0.0,542,388,7
743,0.0,0.0,10.0,2.0,3.0,22.0,3.0,3.0,32.0,25.0,751,179,7
744,0.0,5.0,0.0,10.0,10.0,5.0,0.0,18.0,26.0,26.0,479,446,12
745,2.0,2.0,2.0,7.0,5.0,15.0,13.0,19.0,18.0,17.0,220,709,8
746,0.0,0.0,0.0,0.0,0.0,18.0,19.0,19.0,21.0,23.0,345,588,4
747,0.0,3.0,4.0,5.0,18.0,5.0,27.0,2.0,29.0,7.0,510,408,19
748,0.0,0.0,0.0,0.0,0.0,0.0,23.0,24.0,26.0,27.0,508,421,8
749,0.0,0.0,0.0,0.0,0.0,20.0,20.0,20.0,20.0,20.0,366,560,11
750,7.0,0.0,0.0,0.0,0.0,0.0,0.0,30.0,31.0,32.0,681,247,9
752,0.0,0.0,0.0,10.0,12.0,19.0,22.0,0.0,0.0,37.0,561,345,31
753,0.0,0.0,1.0,2.0,6.0,20.0,22.0,1.0,24.0,24.0,492,434,11
754,1.0,1.0,1.0,1.0,1.0,1.0,23.0,23.0,24.0,24.0,495,434,8
755,0.0,0.0,5.0,10.0,10.0,15.0,15.0,15.0,15.0,15.0,173,732,32
756,7.0,0.0,0.0,0.0,0.0,0.0,0.0,31.0,31.0,31.0,672,249,16
757,4.0,6.0,8.0,9.0,10.0,10.0,11.0,12.0,14.0,16.0,200,716,21
758,1.0,1.0,5.0,2.0,2.0,0.0,15.0,18.0,31.0,25.0,495,427,15
759,0.0,0.0,7.0,0.0,14.0,0.0,17.0,21.0,21.0,20.0,383,542,12
760,2.0,2.0,2.0,2.0,2.0,13.0,2.0,25.0,25.0,25.0,485,425,27
761,1.0,1.0,1.0,1.0,11.0,14.0,16.0,19.0,19.0,17.0,251,674,12
762,0.0,1.0,2.0,10.0,12.0,3.0,1.0,0.0,35.0,36.0,676,253,8
763,10.0,0.0,0.0,0.0,0.0,0.0,0.0,28.0,29.0,33.0,627,290,20
764,2.0,4.0,6.0,10.0,12.0,14.0,16.0,16.0,12.0,8.0,272,638,27
765,2.0,2.0,9.0,9.0,4.0,15.0,15.0,0.0,22.0,22.0,402,524,11
766,0.0,0.0,0.0,0.0,23.0,23.0,26.0,0.0,0.0,28.0,616,316,5
767,11.0,0.0,0.0,0.0,0.0,0.0,0.0,26.0,31.0,32.0,652,274,11
768,0.0,0.0,0.0,15.0,0.0,0.0,25.0,30.0,30.0,0.0,623,292,22
769,0.0,5.0,6.0,5.0,11.0,28.0,0.0,45.0,0.0,0.0,319,615,3
770,0.0,0.0,8.0,11.0,13.0,23.0,3.0,3.0,6.0,33.0,752,175,10
771,0.0,0.0,0.0,0.0,0.0,20.0,20.0,20.0,20.0,20.0,366,560,11
772,0.0,0.0,9.0,0.0,0.0,0.0,0.0,30.0,31.0,30.0,615,314,8
773,4.0,4.0,0.0,0.0,0.0,0.0,0.0,32.0,30.0,30.0,588,321,28
775,1.0,17.0,1.0,18.0,1.0,19.0,1.0,20.0,1.0,21.0,421,512,4
776,3.0,4.0,6.0,8.0,10.0,17.0,24.0,28.0,0.0,0.0,472,449,16
777,1.0,2.0,3.0,1.0,2.0,2.0,2.0,28.0,29.0,30.0,544,363,30
778,0.0,10.0,0.0,0.0,0.0,0.0,0.0,30.0,30.0,30.0,636,296,5
779,4.0,4.0,4.0,4.0,13.0,21.0,4.0,21.0,20.0,5.0,512,406,19
780,0.0,0.0,11.0,1.0,1.0,22.0,1.0,2.0,31.0,31.0,747,183,7
781,3.0,5.0,6.0,9.0,11.0,13.0,15.0,19.0,19.0,0.0,261,663,13
782,2.0,1.0,2.0,3.0,3.0,15.0,16.0,22.0,34.0,2.0,571,346,20
783,0.0,0.0,5.0,17.0,24.0,0.0,26.0,0.0,28.0,0.0,450,477,10
784,4.0,7.0,9.0,11.0,13.0,16.0,11.0,3.0,15.0,11.0,320,600,17
785,11.0,12.0,13.0,14.0,15.0,16.0,19.0,0.0,0.0,0.0,419,513,5
786,0.0,0.0,0.0,15.0,18.0,0.0,0.0,0.0,33.0,34.0,736,194,7
787,1.0,1.0,1.0,1.0,1.0,19.0,5.0,21.0,26.0,24.0,480,446,11
788,0.0,0.0,0.0,0.0,0.0,0.0,0.0,100.0,0.0,0.0,1,936,0
789,3.0,4.0,5.0,6.0,0.0,13.0,14.0,18.0,19.0,18.0,229,699,9
790,4.0,3.0,7.0,10.0,15.0,2.0,16.0,4.0,4.0,35.0,642,278,17
791,5.0,6.0,7.0,8.0,9.0,11.0,12.0,13.0,14.0,15.0,190,725,22
792,0.0,0.0,0.0,11.0,13.0,0.0,0.0,0.0,39.0,37.0,641,291,5
793,1.0,1.0,1.0,15.0,15.0,15.0,20.0,1.0,30.0,1.0,568,349,20
794,3.0,4.0,5.0,8.0,10.0,0.0,14.0,19.0,19.0,18.0,247,677,13
795,0.0,0.0,0.0,1.0,9.0,18.0,18.0,18.0,18.0,18.0,238,691,8
796,0.0,0.0,0.0,0.0,0.0,16.0,20.0,20.0,20.0,24.0,364,566,7
797,3.0,5.0,7.0,13.0,0.0,20.0,23.0,0.0,0.0,29.0,521,416,0
798,0.0,0.0,0.0,0.0,0.0,15.0,20.0,20.0,20.0,25.0,358,573,6
800,1.0,0.0,2.0,5.0,12.0,17.0,25.0,5.0,1.0,32.0,668,251,18
801,8.0,0.0,0.0,0.0,0.0,0.0,0.0,27.0,30.0,35.0,658,266,13
802,1.0,3.0,0.0,4.0,3.0,17.0,23.0,0.0,23.0,26.0,513,414,10
803,2.0,4.0,6.0,8.0,8.0,10.0,12.0,16.0,16.0,18.0,144,785,8
804,4.0,4.0,6.0,10.0,10.0,1.0,1.0,1.0,33.0,30.0,628,298,11
805,1.0,2.0,2.0,8.0,10.0,10.0,14.0,18.0,18.0,17.0,193,729,15
806,4.0,9.0,13.0,19.0,4.0,5.0,6.0,7.0,33.0,0.0,410,521,6
807,0.0,0.0,11.0,1.0,2.0,23.0,3.0,3.0,33.0,24.0,743,181,13
808,6.0,9.0,10.0,11.0,14.0,12.0,11.0,10.0,9.0,8.0,326,596,15
809,0.0,0.0,0.0,17.0,21.0,0.0,0.0,0.0,32.0,30.0,666,265,6
810,2.0,3.0,3.0,8.0,13.0,6.0,26.0,31.0,4.0,4.0,532,396,9
812,1.0,10.0,10.0,1.0,1.0,2.0,19.0,3.0,27.0,26.0,573,350,14
813,3.0,3.0,5.0,6.0,8.0,12.0,14.0,16.0,17.0,16.0,166,758,13
814,0.0,0.0,0.0,0.0,18.0,19.0,20.0,21.0,0.0,22.0,424,492,21
815,2.0,3.0,5.0,7.0,9.0,11.0,13.0,15.0,17.0,18.0,147,781,9
816,1.0,3.0,5.0,7.0,9.0,11.0,13.0,15.0,17.0,19.0,142,770,25
817,1.0,2.0,4.0,6.0,7.0,12.0,14.0,15.0,17.0,22.0,179,747,11
818,4.0,7.0,10.0,13.0,16.0,19.0,22.0,3.0,3.0,3.0,592,319,26
819,4.0,5.0,5.0,5.0,7.0,9.0,16.0,15.0,18.0,16.0,183,731,23
820,0.0,5.0,6.0,0.0,0.0,22.0,26.0,0.0,0.0,41.0,600,319,18
821,2.0,3.0,5.0,10.0,12.0,16.0,19.0,21.0,11.0,1.0,402,526,9
823,9.0,0.0,0.0,0.0,0.0,0.0,0.0,30.0,31.0,30.0,641,290,6
824,2.0,2.0,4.0,7.0,9.0,17.0,11.0,22.0,15.0,11.0,231,688,18
825,3.0,0.0,1.0,1.0,9.0,10.0,17.0,1.0,25.0,33.0,508,416,13
827,0.0,0.0,0.0,0.0,25.0,25.0,25.0,0.0,0.0,25.0,557,371,9
830,0.0,0.0,0.0,9.0,14.0,0.0,19.0,10.0,22.0,26.0,471,459,7
831,10.0,10.0,10.0,10.0,10.0,14.0,16.0,20.0,0.0,0.0,315,599,23
832,1.0,7.0,10.0,10.0,15.0,15.0,20.0,20.0,1.0,1.0,455,462,20
833,4.0,5.0,7.0,11.0,13.0,22.0,22.0,3.0,6.0,7.0,594,323,20
834,0.0,3.0,4.0,12.0,3.0,21.0,4.0,26.0,5.0,22.0,635,294,8
835,2.0,2.0,8.0,14.0,17.0,2.0,22.0,6.0,21.0,6.0,599,332,6
836,0.0,5.0,7.0,12.0,12.0,22.0,3.0,26.0,6.0,7.0,618,308,11
837,2.0,4.0,4.0,4.0,6.0,20.0,20.0,20.0,20.0,0.0,393,531,13
838,2.0,2.0,3.0,6.0,8.0,13.0,17.0,20.0,17.0,12.0,216,706,15
839,0.0,2.0,8.0,10.0,2.0,22.0,18.0,26.0,6.0,6.0,597,332,8
840,2.0,2.0,8.0,9.0,11.0,10.0,11.0,8.0,23.0,16.0,283,638,16
841,7.0,0.0,0.0,0.0,0.0,0.0,0.0,31.0,31.0,31.0,672,249,16
842,0.0,4.0,1.0,10.0,1.0,18.0,1.0,30.0,2.0,33.0,687,232,18
843,1.0,1.0,1.0,10.0,10.0,17.0,3.0,23.0,27.0,7.0,485,440,12
844,0.0,1.0,1.0,1.0,1.0,1.0,19.0,25.0,26.0,25.0,487,444,6
845,0.0,0.0,10.0,0.0,19.0,21.0,24.0,26.0,0.0,0.0,554,364,19
846,0.0,1.0,1.0,3.0,18.0,20.0,5.0,26.0,26.0,0.0,595,330,12
847,10.0,10.0,11.0,14.0,16.0,0.0,0.0,0.0,19.0,20.0,340,588,9
848,4.0,5.0,4.0,6.0,12.0,22.0,21.0,3.0,18.0,5.0,502,407,28
849,1.0,2.0,3.0,6.0,9.0,12.0,14.0,18.0,18.0,17.0,182,742,13
850,3.0,5.0,8.0,10.0,13.0,1.0,26.0,30.0,2.0,2.0,645,278,14
852,4.0,5.0,6.0,1.0,1.0,1.0,1.0,24.0,27.0,30.0,571,342,24
853,0.0,0.0,0.0,3.0,11.0,14.0,17.0,20.0,18.0,17.0,251,681,5
854,0.0,2.0,4.0,8.0,9.0,12.0,15.0,19.0,19.0,12.0,235,694,8
855,7.0,0.0,0.0,0.0,0.0,0.0,0.0,31.0,31.0,31.0,672,249,16
856,4.0,0.0,0.0,0.0,0.0,0.0,0.0,32.0,32.0,32.0,643,244,50
857,3.0,0.0,0.0,0.0,0.0,0.0,0.0,32.0,32.0,33.0,626,264,47
858,0.0,0.0,0.0,0.0,22.0,25.0,25.0,0.0,0.0,28.0,623,305,9
859,0.0,0.0,11.0,0.0,0.0,21.0,0.0,0.0,34.0,34.0,720,207,10
860,0.0,0.0,5.0,7.0,7.0,10.0,11.0,20.0,20.0,20.0,273,648,16
861,0.0,0.0,12.0,1.0,1.0,22.0,3.0,3.0,33.0,25.0,742,185,10
862,0.0,0.0,10.0,16.0,0.0,20.0,25.0,29.0,0.0,0.0,582,344,11
864,0.0,0.0,6.0,0.0,0.0,22.0,22.0,25.0,25.0,0.0,507,425,5
865,1.0,2.0,8.0,10.0,15.0,22.0,5.0,4.0,9.0,24.0,625,307,5
866,5.0,0.0,0.0,0.0,0.0,0.0,0.0,25.0,30.0,40.0,598,307,32
867,2.0,4.0,6.0,9.0,11.0,14.0,16.0,19.0,19.0,0.0,288,639,10
868,0.0,0.0,0.0,0.0,0.0,28.0,0.0,36.0,36.0,0.0,305,625,7
869,0.0,0.0,11.0,0.0,0.0,7.0,7.0,7.0,34.0,34.0,533,401,3
871,0.0,7.0,11.0,16.0,0.0,0.0,0.0,0.0,35.0,31.0,679,252,6
872,3.0,3.0,5.0,5.0,0.0,20.0,20.0,21.0,0.0,23.0,452,474,11
875,4.0,0.0,0.0,0.0,0.0,0.0,0.0,28.0,32.0,36.0,653,239,45
876,0.0,0.0,2.0,8.0,2.0,15.0,3.0,28.0,7.0,35.0,632,292,13
877,2.0,3.0,6.0,6.0,6.0,6.0,6.0,6.0,33.0,26.0,533,392,12
878,2.0,3.0,4.0,7.0,9.0,13.0,13.0,17.0,17.0,15.0,167,759,11
879,10.0,0.0,0.0,0.0,0.0,0.0,0.0,30.0,30.0,30.0,610,299,28
880,2.0,2.0,2.0,5.0,5.0,2.0,2.0,20.0,30.0,30.0,552,342,43
881,5.0,7.0,10.0,13.0,14.0,15.0,3.0,3.0,3.0,27.0,594,324,19
882,0.0,10.0,0.0,0.0,0.0,0.0,0.0,25.0,30.0,35.0,642,291,4
883,0.0,2.0,3.0,5.0,0.0,10.0,10.0,10.0,30.0,30.0,421,503,13
884,5.0,6.0,8.0,10.0,13.0,16.0,18.0,22.0,1.0,1.0,453,465,19
885,0.0,0.0,2.0,2.0,17.0,18.0,27.0,3.0,4.0,27.0,678,251,8
886,4.0,3.0,8.0,12.0,13.0,25.0,6.0,5.0,13.0,11.0,429,495,13
887,0.0,0.0,0.0,0.0,20.0,22.0,25.0,0.0,0.0,33.0,688,235,14
888,2.0,4.0,5.0,7.0,9.0,11.0,13.0,15.0,16.0,18.0,134,788,15
889,3.0,3.0,3.0,6.0,10.0,14.0,13.0,20.0,13.0,15.0,177,738,22
890,4.0,4.0,4.0,4.0,10.0,17.0,18.0,3.0,18.0,18.0,309,605,23
891,0.0,0.0,1.0,0.0,2.0,20.0,22.0,28.0,24.0,3.0,556,366,15
892,1.0,1.0,2.0,3.0,5.0,7.0,10.0,15.0,23.0,33.0,422,495,20
893,1.0,1.0,1.0,1.0,6.0,14.0,16.0,21.0,21.0,18.0,328,594,15
894,0.0,2.0,2.0,2.0,2.0,1.0,22.0,22.0,22.0,25.0,518,410,9
895,1.0,2.0,4.0,7.0,10.0,14.0,16.0,20.0,18.0,8.0,267,655,15
896,0.0,4.0,0.0,8.0,10.0,13.0,14.0,18.0,17.0,16.0,186,743,8
897,0.0,5.0,6.0,13.0,12.0,22.0,2.0,27.0,7.0,6.0,610,318,9
898,2.0,2.0,2.0,13.0,16.0,19.0,21.0,2.0,2.0,21.0,539,391,7
899,5.0,6.0,7.0,9.0,15.0,27.0,31.0,0.0,0.0,0.0,482,434,21
900,10.0,10.0,10.0,10.0,10.0,20.0,30.0,0.0,0.0,0.0,376,535,26
901,0.0,1.0,1.0,1.0,20.0,21.0,21.0,2.0,2.0,31.0,712,213,12
902,9.0,11.0,12.0,13.0,14.0,15.0,20.0,2.0,2.0,2.0,516,416,5
903,1.0,2.0,3.0,6.0,8.0,13.0,14.0,18.0,18.0,17.0,192,733,12
904,1.0,1.0,1.0,1.0,1.0,23.0,23.0,24.0,24.0,1.0,558,374,5
905,1.0,1.0,1.0,1.0,1.0,23.0,23.0,24.0,24.0,1.0,558,374,5
906,2.0,1.0,3.0,21.0,5.0,12.0,5.0,26.0,11.0,14.0,357,574,6
907,0.0,1.0,11.0,2.0,2.0,23.0,3.0,3.0,34.0,21.0,743,185,9
908,0.0,0.0,0.0,14.0,17.0,0.0,0.0,0.0,33.0,36.0,735,193,9
909,0.0,0.0,0.0,0.0,0.0,20.0,20.0,20.0,20.0,20.0,366,560,11
910,1.0,3.0,4.0,8.0,10.0,1.0,1.0,17.0,25.0,30.0,533,392,12
911,5.0,0.0,0.0,0.0,0.0,0.0,0.0,18.0,26.0,51.0,305,605,27
912,5.0,7.0,10.0,11.0,0.0,0.0,0.0,25.0,22.0,20.0,439,490,8
913,0.0,2.0,11.0,3.0,4.0,23.0,5.0,6.0,37.0,9.0,596,330,11
914,4.0,4.0,5.0,1.0,11.0,14.0,0.0,20.0,17.0,24.0,336,582,19
915,0.0,0.0,10.0,1.0,1.0,23.0,3.0,3.0,34.0,25.0,762,166,9
916,2.0,0.0,18.0,17.0,19.0,3.0,16.0,8.0,4.0,13.0,366,557,14
917,7.0,8.0,11.0,14.0,0.0,0.0,0.0,30.0,0.0,30.0,605,326,6
918,0.0,0.0,12.0,1.0,1.0,23.0,0.0,4.0,34.0,25.0,726,197,14
919,34.0,33.0,0.0,1.0,21.0,0.0,0.0,11.0,0.0,0.0,2,935,0
920,1.0,2.0,3.0,4.0,13.0,16.0,17.0,16.0,15.0,13.0,205,704,28
921,0.0,0.0,11.0,1.0,2.0,23.0,4.0,2.0,34.0,23.0,743,178,16
922,0.0,1.0,11.0,2.0,2.0,1.0,22.0,32.0,5.0,24.0,724,207,6
923,4.0,5.0,7.0,9.0,12.0,24.0,26.0,2.0,5.0,6.0,598,320,19
924,0.0,5.0,7.0,9.0,12.0,14.0,16.0,0.0,19.0,18.0,285,626,26
927,2.0,2.0,18.0,4.0,2.0,19.0,3.0,4.0,20.0,26.0,556,374,7
928,8.0,9.0,12.0,14.0,16.0,18.0,20.0,1.0,1.0,1.0,562,369,6
929,0.0,0.0,0.0,0.0,0.0,100.0,0.0,0.0,0.0,0.0,0,937,0
930,0.0,1.0,11.0,2.0,2.0,23.0,3.0,2.0,33.0,23.0,740,187,10
931,4.0,0.0,0.0,0.0,0.0,0.0,0.0,32.0,32.0,32.0,643,244,50
932,0.0,1.0,12.0,2.0,2.0,23.0,3.0,1.0,34.0,22.0,733,193,11
933,6.0,4.0,9.0,16.0,10.0,12.0,14.0,8.0,10.0,11.0,337,586,14
934,5.0,0.0,0.0,0.0,18.0,24.0,25.0,0.0,28.0,0.0,544,375,18
935,2.0,4.0,5.0,7.0,9.0,11.0,13.0,15.0,16.0,18.0,134,788,15
936,0.0,0.0,0.0,0.0,10.0,20.0,20.0,20.0,20.0,10.0,364,564,9
937,1.0,1.0,1.0,2.0,2.0,10.0,10.0,21.0,26.0,26.0,402,489,46
938,10.0,10.0,10.0,10.0,10.0,10.0,15.0,15.0,10.0,0.0,216,698,23
939,0.0,1.0,1.0,15.0,18.0,1.0,3.0,2.0,35.0,24.0,769,166,2
941,0.0,0.0,0.0,5.0,15.0,17.0,20.0,21.0,22.0,0.0,417,514,6
942,1.0,3.0,5.0,7.0,9.0,11.0,13.0,15.0,17.0,19.0,142,770,25
943,10.0,0.0,0.0,0.0,0.0,0.0,0.0,30.0,30.0,30.0,610,299,28
944,3.0,5.0,6.0,8.0,11.0,14.0,15.0,0.0,19.0,19.0,296,630,11
945,6.0,0.0,0.0,4.0,0.0,10.0,0.0,31.0,31.0,18.0,445,467,25
946,1.0,1.0,1.0,1.0,14.0,17.0,26.0,3.0,34.0,2.0,574,309,54
948,4.0,4.0,4.0,8.0,15.0,15.0,15.0,20.0,15.0,0.0,287,624,26
949,0.0,1.0,11.0,1.0,1.0,22.0,3.0,3.0,34.0,24.0,739,188,10
950,2.0,3.0,4.0,9.0,19.0,19.0,1.0,1.0,21.0,21.0,502,426,9
951,0.0,7.0,9.0,17.0,24.0,2.0,8.0,8.0,0.0,25.0,330,587,20
952,2.0,5.0,8.0,1.0,10.0,2.0,17.0,3.0,26.0,26.0,548,377,12
954,0.0,0.0,0.0,0.0,15.0,20.0,0.0,28.0,37.0,0.0,621,309,7
955,8.0,0.0,0.0,0.0,0.0,0.0,0.0,27.0,31.0,34.0,684,242,11
956,0.0,0.0,0.0,8.0,12.0,0.0,17.0,20.0,21.0,22.0,374,560,3
957,0.0,5.0,7.0,8.0,8.0,0.0,0.0,21.0,24.0,27.0,499,422,16
958,0.0,0.0,0.0,0.0,14.0,15.0,0.0,33.0,38.0,0.0,524,408,5
959,0.0,6.0,6.0,6.0,12.0,17.0,17.0,22.0,2.0,12.0,419,502,16
960,10.0,10.0,12.0,14.0,16.0,18.0,20.0,0.0,0.0,0.0,460,460,17
961,6.0,1.0,1.0,1.0,1.0,1.0,1.0,30.0,30.0,28.0,677,240,20
962,2.0,4.0,4.0,5.0,10.0,15.0,20.0,0.0,20.0,20.0,359,567,11
965,2.0,2.0,4.0,6.0,6.0,14.0,16.0,0.0,24.0,26.0,457,473,7
966,8.0,8.0,8.0,14.0,17.0,20.0,25.0,0.0,0.0,0.0,529,397,11
967,4.0,4.0,6.0,8.0,8.0,15.0,15.0,6.0,18.0,16.0,265,644,28
968,3.0,4.0,7.0,4.0,4.0,16.0,6.0,10.0,22.0,24.0,468,457,12
969,0.0,0.0,0.0,10.0,15.0,25.0,0.0,25.0,25.0,0.0,507,406,24
970,0.0,0.0,13.0,2.0,1.0,23.0,1.0,0.0,35.0,25.0,726,200,11
971,0.0,0.0,0.0,8.0,11.0,0.0,15.0,19.0,22.0,25.0,390,541,6
972,3.0,5.0,6.0,12.0,1.0,3.0,2.0,30.0,6.0,32.0,681,222,34
973,0.0,0.0,12.0,12.0,0.0,24.0,0.0,0.0,28.0,24.0,520,403,14
974,5.0,7.0,9.0,11.0,15.0,21.0,25.0,2.0,2.0,3.0,639,278,20
975,0.0,2.0,3.0,7.0,14.0,16.0,17.0,18.0,3.0,20.0,354,569,14
976,2.0,2.0,2.0,2.0,2.0,2.0,0.0,29.0,30.0,29.0,543,335,59
978,4.0,0.0,0.0,0.0,0.0,0.0,0.0,32.0,32.0,32.0,643,244,50
979,3.0,4.0,7.0,10.0,13.0,2.0,27.0,31.0,1.0,2.0,641,282,14
980,3.0,3.0,6.0,2.0,2.0,19.0,9.0,22.0,13.0,21.0,410,510,17
981,0.0,2.0,2.0,3.0,16.0,0.0,19.0,22.0,5.0,31.0,651,264,22
982,1.0,0.0,0.0,0.0,6.0,0.0,10.0,21.0,29.0,33.0,450,401,86
983,5.0,0.0,0.0,0.0,0.0,0.0,0.0,28.0,32.0,35.0,679,230,28
985,2.0,8.0,2.0,13.0,18.0,2.0,2.0,23.0,28.0,2.0,651,284,2
986,0.0,0.0,1.0,2.0,12.0,22.0,3.0,22.0,33.0,5.0,670,256,11
987,2.0,3.0,3.0,5.0,10.0,13.0,14.0,26.0,13.0,11.0,256,661,20
988,7.0,0.0,0.0,0.0,0.0,0.0,0.0,25.0,28.0,40.0,598,327,12
989,1.0,0.0,0.0,18.0,20.0,0.0,0.0,1.0,34.0,26.0,656,279,2
990,0.0,7.0,0.0,0.0,1.0,0.0,28.0,1.0,35.0,28.0,753,180,4
991,2.0,2.0,3.0,2.0,14.0,21.0,21.0,0.0,4.0,31.0,678,250,9
992,0.0,2.0,3.0,4.0,3.0,22.0,17.0,26.0,18.0,5.0,490,440,7
993,0.0,8.0,0.0,0.0,0.0,1.0,28.0,1.0,33.0,29.0,725,206,6
994,0.0,0.0,12.0,1.0,1.0,23.0,3.0,3.0,33.0,24.0,729,193,15
995,0.0,7.0,1.0,2.0,2.0,1.0,26.0,1.0,34.0,26.0,745,178,14
996,4.0,6.0,9.0,15.0,6.0,6.0,4.0,31.0,7.0,12.0,505,417,15
997,4.0,5.0,7.0,12.0,16.0,22.0,21.0,3.0,3.0,7.0,611,308,18
998,1.0,2.0,10.0,11.0,10.0,22.0,6.0,15.0,15.0,8.0,349,581,7
999,0.0,0.0,0.0,0.0,0.0,0.0,28.0,0.0,31.0,41.0,305,592,40
1000,0.0,0.0,8.0,13.0,13.0,22.0,3.0,3.0,6.0,32.0,743,181,13
1001,0.0,5.0,8.0,11.0,13.0,0.0,20.0,31.0,5.0,7.0,598,322,17
1002,0.0,0.0,2.0,17.0,23.0,2.0,1.0,19.0,35.0,1.0,419,465,53
1003,1.0,2.0,8.0,2.0,3.0,2.0,26.0,23.0,5.0,28.0,676,258,3
1004,0.0,0.0,11.0,1.0,1.0,23.0,4.0,3.0,33.0,24.0,742,180,15
1005,3.0,7.0,10.0,13.0,16.0,19.0,0.0,0.0,0.0,32.0,585,345,7
1006,0.0,0.0,13.0,0.0,1.0,3.0,26.0,28.0,2.0,27.0,705,225,7
1007,0.0,1.0,11.0,2.0,2.0,23.0,3.0,3.0,33.0,22.0,741,185,11
1008,2.0,5.0,8.0,14.0,2.0,2.0,2.0,31.0,2.0,32.0,655,196,86
1009,3.0,3.0,5.0,6.0,11.0,13.0,24.0,3.0,29.0,3.0,488,436,13
1010,0.0,5.0,7.0,12.0,12.0,21.0,1.0,31.0,4.0,7.0,667,263,7
1011,0.0,0.0,0.0,5.0,15.0,8.0,4.0,13.0,30.0,25.0,443,483,11
1012,6.0,4.0,6.0,9.0,14.0,14.0,1.0,33.0,7.0,6.0,523,399,15
